id,first_name,last_name,email,gender,ip_address
1,Kinna,Jinks,kjinks0@yellowbook.com,Female,76.237.226.197
2,Allin,Semple,asemple1@theatlantic.com,Male,174.80.174.196
3,Izabel,Merrick,imerrick2@fda.gov,Female,80.65.167.23
4,Gertruda,Heinicke,gheinicke3@plala.or.jp,Female,98.74.94.207
5,Bernardo,Leber,bleber4@webs.com,Male,81.175.128.238
6,Gamaliel,Clurow,gclurow5@google.nl,Male,221.230.101.211
7,Creighton,Grayshan,cgrayshan6@delicious.com,Male,171.84.235.87
200,Syd,De Vaar,sdevaar5j@omniture.com,Male,4.141.123.239
201,Calli,Meffin,cmeffin5k@hatena.ne.jp,Female,127.172.104.47
202,Whitby,Delyth,wdelyth5l@is.gd,Male,170.76.55.86
203,Sallee,Garfitt,sgarfitt5m@naver.com,Female,65.163.246.128
204,Payton,Feaveer,pfeaveer5n@reddit.com,Male,135.47.225.224
205,Kiley,Sephton,ksephton5o@upenn.edu,Male,225.173.152.158
206,Daveen,Hort,dhort5p@nature.com,Female,44.32.245.154
220,Barclay,Ruggier,bruggier63@tiny.cc,Male,15.70.50.0
221,Cort,Teese,cteese64@uol.com.br,Male,177.175.94.96
222,Quinton,Craddy,qcraddy65@cdc.gov,Male,120.104.187.239
223,Roma,Walling,rwalling66@4shared.com,Male,46.78.130.75
224,Milo,Coal,mcoal67@elegantthemes.com,Male,212.102.77.253
225,Claiborne,Geldeard,cgeldeard68@booking.com,Male,250.108.189.21
226,Lois,Brotherhead,lbrotherhead69@pcworld.com,Female,109.227.56.155
227,Fran,Batchelder,fbatchelder6a@imageshack.us,Female,49.208.179.6
228,Reggie,Stothard,rstothard6b@craigslist.org,Female,5.129.116.146
229,Lazaro,Ponde,lponde6c@cnet.com,Male,27.23.103.103
230,Aldin,Aronin,aaronin6d@yellowbook.com,Male,31.44.216.249
231,Karisa,Scatcher,kscatcher6e@blogspot.com,Female,249.214.84.32
232,Moore,McKibbin,mmckibbin6f@columbia.edu,Male,235.156.40.173
233,Genny,Wightman,gwightman6g@fc2.com,Female,4.72.169.62
234,Jacques,Steet,jsteet6h@freewebs.com,Male,108.130.32.179
235,Elfie,Mattys,emattys6i@discovery.com,Female,152.113.11.71
236,Margery,Gartin,mgartin6j@hibu.com,Agender,250.13.85.170
237,Francois,Cutridge,fcutridge6k@devhub.com,Male,57.95.247.201
238,Lu,Oslar,loslar6l@last.fm,Female,23.73.134.21
239,Worden,Barstock,wbarstock6m@goo.gl,Male,135.0.115.115
240,Jobie,Cheng,jcheng6n@naver.com,Female,85.181.34.8
241,Giustina,Sawdy,gsawdy6o@mail.ru,Bigender,189.140.215.184
242,Logan,Semarke,lsemarke6p@patch.com,Non-binary,201.158.27.173
243,Clerc,Saunter,csaunter6q@smugmug.com,Male,82.95.120.162
244,Eleonore,McCrudden,emccrudden6r@spiegel.de,Female,24.27.232.168
245,Bertrando,Timbridge,btimbridge6s@ox.ac.uk,Male,114.67.1.78
246,Gunilla,Wildgoose,gwildgoose6t@mashable.com,Female,33.107.202.112
247,Lauritz,Zamudio,lzamudio6u@amazon.com,Male,181.100.166.164
248,Deck,Girkins,dgirkins6v@free.fr,Male,195.41.43.148
249,Trenna,Staves,tstaves6w@msu.edu,Female,24.53.176.129
250,Neill,Stanistreet,nstanistreet6x@arstechnica.com,Male,48.86.174.142
251,Brod,Winchester,bwinchester6y@time.com,Male,22.144.245.18
252,Leland,Leupold,lleupold6z@nyu.edu,Male,165.21.66.157
253,Blake,Feehily,bfeehily70@mit.edu,Male,147.169.162.189
254,Kyle,Blenkensop,kblenkensop71@foxnews.com,Female,252.236.70.117
255,Hans,Breach,hbreach72@archive.org,Male,33.170.200.144
256,Ivor,Speller,ispeller73@hhs.gov,Agender,134.239.85.66
257,Costanza,McAndie,cmcandie74@macromedia.com,Female,177.106.244.34
258,Iorgos,Gauche,igauche75@hao123.com,Male,230.48.224.176
259,Jefferey,Persian,jpersian76@about.me,Male,83.142.173.73
260,Flem,Paoloni,fpaoloni77@bloglovin.com,Male,241.241.147.30
261,Gael,Cobain,gcobain78@marketwatch.com,Male,168.136.50.54
262,Westbrook,Savery,wsavery79@pagesperso-orange.fr,Male,136.181.145.193
263,Gratia,Bloxland,gbloxland7a@cbsnews.com,Female,111.139.82.109
264,Mathew,Aikin,maikin7b@mysql.com,Male,84.189.228.173
265,Christoffer,Korn,ckorn7c@ycombinator.com,Male,170.133.251.0
266,Elbertine,Youngs,eyoungs7d@joomla.org,Female,46.96.111.143
267,Lloyd,Piscotti,lpiscotti7e@nymag.com,Male,40.185.15.161
268,Riccardo,Muddicliffe,rmuddicliffe7f@1688.com,Male,112.65.139.52
269,Harry,Hurburt,hhurburt7g@umich.edu,Male,57.90.38.89
270,Sydney,Mowsdell,smowsdell7h@hatena.ne.jp,Male,234.167.30.60
271,Abby,Denslow,adenslow7i@instagram.com,Male,189.238.225.4
272,Phelia,Fenwick,pfenwick7j@huffingtonpost.com,Female,33.75.95.138
273,Waverly,Blannin,wblannin7k@stumbleupon.com,Bigender,46.194.159.66
274,Juliann,Angel,jangel7l@soundcloud.com,Female,211.182.189.6
275,Templeton,Bartholin,tbartholin7m@forbes.com,Male,200.33.229.145
276,Hester,Briar,hbriar7n@ezinearticles.com,Female,140.1.24.239
277,Gwennie,Hickenbottom,ghickenbottom7o@globo.com,Female,78.140.133.13
278,Tiphanie,Renne,trenne7p@cdc.gov,Female,52.124.150.101
279,Adlai,Farlamb,afarlamb7q@tinypic.com,Male,80.136.97.132
280,Ronica,Rhys,rrhys7r@cnbc.com,Female,222.149.67.148
281,Karita,Alexandrescu,kalexandrescu7s@last.fm,Female,224.113.141.97
282,Dahlia,Forlonge,dforlonge7t@weebly.com,Female,127.107.41.156
283,Patience,Sollam,psollam7u@google.de,Female,209.231.51.88
284,Avictor,Draayer,adraayer7v@fema.gov,Male,112.26.87.90
285,Cord,Delhanty,cdelhanty7w@adobe.com,Male,95.197.237.55
286,Barbie,Vassel,bvassel7x@bigcartel.com,Female,158.128.49.20
287,Juanita,Warrier,jwarrier7y@google.it,Female,17.215.130.137
288,Judah,Khoter,jkhoter7z@creativecommons.org,Male,159.11.118.46
289,Dannel,Adkin,dadkin80@abc.net.au,Male,160.80.146.14
290,Corey,Benck,cbenck81@istockphoto.com,Female,250.161.117.205
291,Amabelle,Dell'Abbate,adellabbate82@gov.uk,Female,159.59.245.177
292,Carolann,Wapol,cwapol83@senate.gov,Female,85.120.10.132
293,Nanny,Clemmey,nclemmey84@fotki.com,Female,81.239.200.30
294,Lorita,Streeton,lstreeton85@tripod.com,Female,158.232.24.238
295,Ibbie,Bloxland,ibloxland86@over-blog.com,Female,155.89.24.105
296,Kaitlin,Sirmon,ksirmon87@toplist.cz,Female,117.15.118.91
297,Irene,Stiff,istiff88@google.co.uk,Female,199.48.12.250
298,Doris,Baugh,dbaugh89@theglobeandmail.com,Non-binary,209.217.42.187
299,Gregorius,De Dantesie,gdedantesie8a@mediafire.com,Male,137.105.24.22
300,Kevon,Maryan,kmaryan8b@jigsy.com,Male,39.85.205.24
301,Loren,Branno,lbranno8c@digg.com,Female,67.220.9.100
302,Cyril,Lardier,clardier8d@ycombinator.com,Male,41.65.218.162
303,Blinny,Fitzmaurice,bfitzmaurice8e@ezinearticles.com,Female,154.64.44.199
304,Muriel,Denison,mdenison8f@squarespace.com,Female,218.2.180.205
305,Claudell,Trees,ctrees8g@aboutads.info,Bigender,7.171.101.12
306,Philip,Larderot,plarderot8h@wordpress.com,Male,113.212.29.66
307,Andee,Weepers,aweepers8i@statcounter.com,Female,203.196.170.223
308,Harley,Chalfont,hchalfont8j@nhs.uk,Male,38.94.3.130
309,Gisella,Giacomuzzo,ggiacomuzzo8k@sphinn.com,Female,32.25.48.51
310,Mandie,Mowatt,mmowatt8l@yellowbook.com,Female,177.32.243.68
311,Ruthe,Curbishley,rcurbishley8m@wiley.com,Female,35.135.127.207
312,Diandra,Plunkett,dplunkett8n@ibm.com,Female,156.81.68.232
313,Gianna,Jamary,gjamary8o@printfriendly.com,Female,42.254.9.145
314,Bary,Baythorp,bbaythorp8p@drupal.org,Male,81.60.27.254
315,Waring,Carnegy,wcarnegy8q@addtoany.com,Male,95.32.217.181
316,Creighton,Briar,cbriar8r@timesonline.co.uk,Genderqueer,151.46.22.86
317,Allyce,Dudson,adudson8s@cdbaby.com,Female,61.179.100.136
318,Dianemarie,Knevet,dknevet8t@addtoany.com,Bigender,55.123.223.66
319,Kevina,Soreau,ksoreau8u@wired.com,Female,80.70.246.92
320,Buddie,Ludye,bludye8v@sourceforge.net,Agender,57.245.37.137
321,Tilda,Speechly,tspeechly8w@twitpic.com,Female,3.240.73.84
322,Davin,McBrier,dmcbrier8x@biglobe.ne.jp,Male,75.198.96.165
323,Kerwin,Mettrick,kmettrick8y@statcounter.com,Male,47.125.196.73
324,Thedric,Wyrall,twyrall8z@google.ru,Male,181.252.89.7
325,Natty,Rummer,nrummer90@flavors.me,Male,204.98.90.130
326,Carter,Carrabot,ccarrabot91@toplist.cz,Polygender,88.52.117.94
327,Woody,Mostyn,wmostyn92@rediff.com,Male,72.150.40.242
328,Noland,McCart,nmccart93@t-online.de,Male,65.148.151.95
329,Rebeka,Trendle,rtrendle94@fc2.com,Genderqueer,144.1.164.206
330,Faun,Calderonello,fcalderonello95@cornell.edu,Female,80.24.169.27
331,Devondra,Lazenbury,dlazenbury96@bloglovin.com,Female,162.152.255.248
332,Valeda,Davenall,vdavenall97@mapy.cz,Female,248.34.66.133
333,Abbe,Crady,acrady98@telegraph.co.uk,Male,1.254.191.249
334,Jacinda,Waitland,jwaitland99@i2i.jp,Female,141.172.255.28
335,Karim,Somers,ksomers9a@github.com,Male,60.139.120.146
336,Malissa,Swindle,mswindle9b@baidu.com,Female,34.252.45.70
337,Leigh,Uff,luff9c@privacy.gov.au,Genderqueer,215.48.128.39
338,Hartley,Owttrim,howttrim9d@dot.gov,Male,104.173.201.175
339,Cyndie,Matejic,cmatejic9e@histats.com,Female,137.222.151.196
340,Woody,Evamy,wevamy9f@howstuffworks.com,Male,79.1.214.63
341,Esther,Solway,esolway9g@shinystat.com,Female,101.35.182.120
342,Clyde,Clare,cclare9h@hhs.gov,Male,16.39.33.3
343,Mordecai,McSporrin,mmcsporrin9i@wikia.com,Male,113.53.138.48
344,Fionna,Adamovitz,fadamovitz9j@goo.ne.jp,Female,94.136.54.192
345,Kirby,Buncher,kbuncher9k@census.gov,Female,62.131.59.135
346,Stephana,Reschke,sreschke9l@webeden.co.uk,Female,12.215.38.51
347,Gisela,McAndie,gmcandie9m@independent.co.uk,Female,27.13.201.88
348,Geneva,Antyukhin,gantyukhin9n@gravatar.com,Female,192.183.60.180
349,Hamid,Matthewes,hmatthewes9o@xrea.com,Male,29.105.244.75
350,Tabbie,Pughsley,tpughsley9p@mysql.com,Male,253.108.78.61
351,Suzette,Bentz,sbentz9q@businessinsider.com,Female,40.39.27.216
352,Jarvis,Speechley,jspeechley9r@upenn.edu,Genderqueer,136.41.40.43
353,Eba,Gresly,egresly9s@google.com.br,Female,48.184.199.111
354,Amabel,McAreavey,amcareavey9t@ucsd.edu,Female,178.167.49.172
355,Fiona,Straw,fstraw9u@marketwatch.com,Female,234.211.171.182
356,Hillier,Chatt,hchatt9v@google.nl,Male,67.71.146.80
357,Skipper,Grafham,sgrafham9w@google.pl,Male,211.197.123.231
358,Hally,Over,hover9x@sciencedaily.com,Female,27.198.178.165
359,Neall,Plan,nplan9y@aboutads.info,Male,22.80.5.24
360,Agnola,Neale,aneale9z@e-recht24.de,Polygender,229.172.1.116
361,Daphne,Calderhead,dcalderheada0@imageshack.us,Female,108.133.163.184
362,Stacey,Ellery,sellerya1@sbwire.com,Female,107.174.180.63
363,Jason,Simenel,jsimenela2@i2i.jp,Male,97.227.174.7
364,Rhodie,Hackett,rhacketta3@ifeng.com,Polygender,43.163.24.195
365,Lance,Lestor,llestora4@uiuc.edu,Male,246.205.200.161
366,Carlin,Essel,cessela5@washingtonpost.com,Female,177.114.202.149
367,Ewart,Pasticznyk,epasticznyka6@prlog.org,Male,217.189.37.255
368,Ephrem,Perico,epericoa7@yandex.ru,Genderqueer,21.95.16.245
369,Gregor,Keppy,gkeppya8@de.vu,Male,50.243.163.130
370,Dominik,McLaine,dmclainea9@dmoz.org,Bigender,255.156.137.180
371,Ameline,Danslow,adanslowaa@cyberchimps.com,Female,143.119.24.92
372,Sinclare,Shackleford,sshacklefordab@ustream.tv,Male,24.246.253.175
373,Fallon,Pacey,fpaceyac@furl.net,Female,176.24.179.188
374,Cinderella,Newman,cnewmanad@issuu.com,Genderqueer,114.4.42.70
375,Jacynth,Cleevely,jcleevelyae@barnesandnoble.com,Female,220.3.19.47
376,Alford,Waldock,awaldockaf@tmall.com,Male,30.125.152.226
377,Luther,Geare,lgeareag@wordpress.com,Male,179.32.95.244
378,Ammamaria,Canwell,acanwellah@economist.com,Female,118.161.79.118
379,Nappie,Cheel,ncheelai@cyberchimps.com,Genderfluid,154.209.235.234
380,Butch,Edmed,bedmedaj@godaddy.com,Male,51.249.153.141
381,Maurizio,O'Kenny,mokennyak@eepurl.com,Male,76.50.138.218
382,Lemuel,Griffoen,lgriffoenal@sohu.com,Male,122.213.82.117
383,Whit,Taphouse,wtaphouseam@usda.gov,Male,170.202.32.82
384,Curtis,Hesey,cheseyan@hao123.com,Male,228.194.132.181
385,Ade,Padberry,apadberryao@uol.com.br,Male,97.31.140.65
386,Corabella,Ivanyushkin,civanyushkinap@toplist.cz,Genderfluid,104.144.159.24
387,Ariadne,Lantoph,alantophaq@prweb.com,Female,65.248.238.197
388,Merwyn,Purrier,mpurrierar@nsw.gov.au,Male,209.219.230.136
389,Oswell,Collis,ocollisas@booking.com,Genderqueer,156.142.243.72
390,Beatrice,Perceval,bpercevalat@flavors.me,Female,187.239.62.124
391,Lawry,Fyndon,lfyndonau@yandex.ru,Male,158.120.4.188
392,Beniamino,Trehearn,btrehearnav@yahoo.co.jp,Male,172.53.187.129
393,Spense,Arber,sarberaw@google.it,Male,80.10.13.239
394,Miltie,Blaske,mblaskeax@hp.com,Male,232.191.137.66
395,Beverlie,Bamlett,bbamlettay@ebay.com,Female,108.76.45.109
396,Violetta,Staite,vstaiteaz@sakura.ne.jp,Female,181.170.40.176
397,David,Iacomettii,diacomettiib0@howstuffworks.com,Male,70.233.170.142
398,Fredelia,Woodland,fwoodlandb1@nbcnews.com,Female,163.179.25.59
399,Ame,Howship,ahowshipb2@goodreads.com,Female,80.46.217.34
400,Torrin,Trangmar,ttrangmarb3@edublogs.org,Male,133.190.50.244
401,Minnie,Mabbs,mmabbsb4@bloglines.com,Female,187.26.70.125
402,Armin,Birkmyr,abirkmyrb5@examiner.com,Male,184.239.233.42
403,Mervin,Valti,mvaltib6@huffingtonpost.com,Male,206.116.119.159
404,Eberto,Bathow,ebathowb7@hostgator.com,Non-binary,144.103.201.129
405,Delainey,Pile,dpileb8@webmd.com,Male,102.11.147.168
406,Felicle,Kingdom,fkingdomb9@globo.com,Female,84.159.245.91
407,Caroline,Plastow,cplastowba@nbcnews.com,Female,221.116.64.45
408,Hastings,Goscomb,hgoscombbb@ca.gov,Male,118.194.0.190
409,Ivan,Blaes,iblaesbc@hostgator.com,Male,169.117.134.44
410,Gayleen,Iveson,givesonbd@scribd.com,Female,3.195.55.208
411,Kariotta,Tammadge,ktammadgebe@zimbio.com,Female,205.42.220.75
412,Broddie,Garvie,bgarviebf@wiley.com,Male,108.112.4.84
413,Germain,Studdeard,gstuddeardbg@hp.com,Female,194.186.50.50
414,Almeda,Ezele,aezelebh@wikispaces.com,Female,8.248.180.139
415,Pall,Pennell,ppennellbi@rediff.com,Male,162.127.82.38
416,Melody,Leggen,mleggenbj@pcworld.com,Female,8.184.17.31
417,Nert,Fontelles,nfontellesbk@utexas.edu,Female,169.105.24.21
418,Rees,McQuaker,rmcquakerbl@phoca.cz,Male,234.200.151.11
419,Lucien,Loseke,llosekebm@paypal.com,Male,128.53.191.49
420,Tansy,Oakinfold,toakinfoldbn@usgs.gov,Female,151.129.183.34
421,Leela,Ringsell,lringsellbo@blogspot.com,Bigender,33.182.67.87
422,Melba,Foulcher,mfoulcherbp@slideshare.net,Female,45.186.104.91
423,Hillary,Jamary,hjamarybq@com.com,Male,4.244.56.206
424,Christiano,Gook,cgookbr@boston.com,Male,18.99.205.129
425,Bari,Leckie,bleckiebs@tinyurl.com,Female,122.97.156.226
426,Marysa,Oxtoby,moxtobybt@biblegateway.com,Female,98.218.145.86
427,Janie,Truggian,jtruggianbu@mapy.cz,Female,210.76.101.208
428,Galen,Jeayes,gjeayesbv@aboutads.info,Male,246.230.52.199
429,Brier,Treves,btrevesbw@geocities.com,Bigender,65.190.168.85
430,Agosto,Batson,abatsonbx@123-reg.co.uk,Male,176.111.13.71
431,Raphael,Jankovic,rjankovicby@tripod.com,Male,203.165.108.35
432,Sharl,Lorentzen,slorentzenbz@patch.com,Female,217.223.69.94
433,Isa,Danzey,idanzeyc0@google.co.uk,Male,204.156.116.164
434,Amalle,Waterstone,awaterstonec1@liveinternet.ru,Female,248.28.68.75
435,Griff,Marioneau,gmarioneauc2@yelp.com,Male,111.63.35.10
436,Dale,Aimable,daimablec3@scientificamerican.com,Male,31.113.248.222
437,Zacharias,Bouldon,zbouldonc4@earthlink.net,Male,173.57.243.133
438,Leroi,Tames,ltamesc5@cnet.com,Male,100.192.2.68
439,Basile,Adrien,badrienc6@linkedin.com,Male,15.18.67.113
440,Bartlet,Biagi,bbiagic7@wisc.edu,Male,28.52.231.5
441,Clerc,Sandiland,csandilandc8@census.gov,Male,235.196.91.221
442,Axe,Tilson,atilsonc9@ted.com,Male,102.41.16.85
443,Codie,McGrowther,cmcgrowtherca@soup.io,Male,242.73.83.52
444,Mylo,Lembcke,mlembckecb@yellowbook.com,Male,238.41.23.92
445,Jamill,Kinsell,jkinsellcc@webeden.co.uk,Male,32.224.60.200
446,Belita,Britner,bbritnercd@mtv.com,Female,29.37.183.58
447,Ardella,Perri,aperrice@apache.org,Female,92.32.222.11
448,Tammara,Leveret,tleveretcf@opensource.org,Female,8.237.98.6
449,Perry,Kilbourn,pkilbourncg@earthlink.net,Male,210.42.9.90
450,Adelheid,Leman,alemanch@plala.or.jp,Genderfluid,16.147.193.156
451,Terry,Longfut,tlongfutci@cdbaby.com,Male,12.107.53.57
452,Bernadene,Jurick,bjurickcj@businessweek.com,Female,84.254.246.111
453,Tamarra,Royden,troydenck@acquirethisname.com,Female,118.112.239.95
454,Alexia,Kisar,akisarcl@mapy.cz,Female,143.80.10.180
455,Putnem,Landeg,plandegcm@msu.edu,Male,125.99.214.12
456,Graehme,Genery,ggenerycn@blogs.com,Male,189.85.0.80
457,Lonee,Kegg,lkeggco@accuweather.com,Female,235.26.176.131
458,Lonni,D'Ambrosi,ldambrosicp@weebly.com,Female,54.251.66.52
459,Lindon,Sinson,lsinsoncq@adobe.com,Male,72.77.123.87
460,Ebonee,Pothergill,epothergillcr@statcounter.com,Female,253.182.128.251
461,Alexine,Meiklam,ameiklamcs@bloomberg.com,Female,134.134.180.238
462,Hillie,Braidford,hbraidfordct@miibeian.gov.cn,Polygender,186.91.85.183
463,Willard,Joesbury,wjoesburycu@cbsnews.com,Male,173.180.66.156
464,Carver,Geggie,cgeggiecv@psu.edu,Male,31.83.123.124
465,Baron,Tythe,btythecw@hc360.com,Male,42.42.106.186
466,Cecilius,Fonzo,cfonzocx@last.fm,Male,162.159.180.129
467,Xavier,Whorlow,xwhorlowcy@eventbrite.com,Male,246.65.229.142
468,Ilario,Chattell,ichattellcz@vinaora.com,Male,175.17.77.242
469,Cicily,Erskine,cerskined0@taobao.com,Female,103.135.151.63
470,Farlie,Flury,ffluryd1@blogs.com,Male,28.249.59.52
471,Fredelia,Normandale,fnormandaled2@apple.com,Female,191.213.128.122
472,Bennett,Rennels,brennelsd3@zimbio.com,Male,15.116.3.16
473,Gauthier,Perren,gperrend4@walmart.com,Male,97.175.232.120
474,Brade,Briance,bbrianced5@reddit.com,Male,163.134.70.124
475,Karalee,Duffitt,kduffittd6@bbc.co.uk,Female,239.141.135.65
476,Law,Thripp,lthrippd7@state.tx.us,Male,235.85.22.245
477,Claudina,Shynn,cshynnd8@bloomberg.com,Female,8.215.201.244
478,Rhodie,Tomlinson,rtomlinsond9@nih.gov,Female,30.183.41.73
479,Cherilynn,Baynam,cbaynamda@stanford.edu,Female,188.251.66.167
480,Goldie,Martinet,gmartinetdb@trellian.com,Female,250.220.134.32
481,Byron,Noto,bnotodc@php.net,Male,121.252.100.1
482,Eadith,Ruffli,erufflidd@plala.or.jp,Female,72.191.106.65
483,Gloriane,Hansemann,ghansemannde@ox.ac.uk,Female,130.67.159.94
484,Lori,Lumbers,llumbersdf@quantcast.com,Female,227.13.202.58
485,Willey,Sporgeon,wsporgeondg@hud.gov,Male,238.113.18.112
486,Louis,Vasilchenko,lvasilchenkodh@yale.edu,Male,35.23.8.122
487,Maynard,Gripton,mgriptondi@vimeo.com,Male,108.20.43.224
488,Cleveland,Cardo,ccardodj@si.edu,Male,110.36.91.164
489,North,Robillart,nrobillartdk@hugedomains.com,Male,98.102.225.79
490,Vania,Ormston,vormstondl@goo.gl,Female,102.192.201.238
491,Michale,Pyke,mpykedm@amazonaws.com,Male,142.80.77.253
492,Jules,Hambridge,jhambridgedn@barnesandnoble.com,Male,74.20.209.204
493,Tarrah,Brougham,tbroughamdo@constantcontact.com,Female,210.173.56.155
494,Hewet,Surby,hsurbydp@themeforest.net,Male,199.68.69.74
495,Timmy,Roughey,trougheydq@networkadvertising.org,Male,70.206.20.57
496,Jolynn,Thacker,jthackerdr@uol.com.br,Female,189.16.199.55
497,Galvan,Toplin,gtoplinds@liveinternet.ru,Male,127.176.36.236
498,Benedick,Bittlestone,bbittlestonedt@jigsy.com,Male,125.244.161.99
499,Bond,Boucher,bboucherdu@theglobeandmail.com,Male,162.226.153.86
500,Bari,Deners,bdenersdv@npr.org,Female,118.215.209.208
501,Aluin,Antoshin,aantoshindw@uiuc.edu,Male,112.148.166.106
502,Marsh,Lapwood,mlapwooddx@xing.com,Male,155.66.186.85
503,Read,Gaskal,rgaskaldy@princeton.edu,Non-binary,46.148.154.19
504,Linnet,Wardale,lwardaledz@businesswire.com,Bigender,144.219.161.255
505,Tarrance,Brunnen,tbrunnene0@is.gd,Genderfluid,151.154.20.3
506,Farlay,Cheke,fchekee1@networksolutions.com,Male,57.159.242.64
507,Dorette,Ivens,divense2@wikipedia.org,Female,148.54.21.54
508,Marcelle,Holdworth,mholdworthe3@alibaba.com,Female,72.238.74.214
509,Stafford,Winsper,swinspere4@vimeo.com,Male,201.0.129.254
510,Courtnay,Farriar,cfarriare5@weebly.com,Male,33.137.24.123
511,Addie,Whitman,awhitmane6@google.com,Male,31.242.243.118
512,Katuscha,Addie,kaddiee7@sfgate.com,Female,132.177.45.174
513,Tadeo,Castiblanco,tcastiblancoe8@bloglines.com,Male,230.232.179.212
514,Dorotea,Whitters,dwhitterse9@feedburner.com,Female,95.17.234.126
515,Nefen,Cleiment,ncleimentea@sourceforge.net,Male,53.5.115.25
516,Doralin,Iiannoni,diiannonieb@edublogs.org,Female,207.224.225.48
517,Dolph,Tregonna,dtregonnaec@usgs.gov,Male,229.101.76.156
518,Deborah,Legate,dlegateed@senate.gov,Genderfluid,58.195.63.213
519,Dedra,Dumini,dduminiee@opensource.org,Female,125.92.223.98
520,Stuart,O'Leagham,soleaghamef@ocn.ne.jp,Male,246.191.44.165
521,Smitty,Craddock,scraddockeg@spiegel.de,Male,37.97.112.184
522,Roddie,Tort,rtorteh@over-blog.com,Polygender,8.85.38.27
523,Janeta,Gasker,jgaskerei@eepurl.com,Female,20.94.212.25
524,Nilson,Sinkin,nsinkinej@blinklist.com,Male,239.110.147.113
525,Adolphus,Heggie,aheggieek@bandcamp.com,Male,247.107.72.214
526,Marlena,Bale,mbaleel@answers.com,Female,210.49.78.107
527,Staffard,Antwis,santwisem@yolasite.com,Male,247.202.66.181
528,Lionello,Romagnosi,lromagnosien@wikia.com,Male,13.233.172.155
529,Malinde,Chadburn,mchadburneo@reference.com,Female,131.153.20.39
530,Kerrin,Shambrooke,kshambrookeep@newsvine.com,Female,144.58.54.243
531,Jannel,Beauchamp,jbeauchampeq@jimdo.com,Genderqueer,79.251.153.186
532,Jaime,Jenkins,jjenkinser@patch.com,Female,198.96.207.57
533,Matty,Filyushkin,mfilyushkines@squidoo.com,Female,234.36.71.11
534,Cherrita,Otridge,cotridgeet@netlog.com,Female,214.188.115.68
535,Edie,Thrift,ethrifteu@seesaa.net,Female,55.8.80.212
536,Sibyl,Gaskin,sgaskinev@cpanel.net,Male,170.242.206.129
537,Pammy,Buckett,pbuckettew@washingtonpost.com,Female,99.126.232.55
538,Boyd,Fawke,bfawkeex@wisc.edu,Male,204.166.39.29
539,Brnaby,Yerrall,byerralley@state.tx.us,Male,96.156.100.172
540,Corinna,Epp,ceppez@mapy.cz,Female,200.24.112.148
541,Jeri,Lindgren,jlindgrenf0@jiathis.com,Female,251.157.3.185
542,Bride,Tabourier,btabourierf1@parallels.com,Female,238.130.181.70
543,Marie-jeanne,Aynsley,maynsleyf2@typepad.com,Female,161.6.92.26
544,Cliff,Bareford,cbarefordf3@tamu.edu,Male,179.5.219.222
545,Steffi,Vasyutkin,svasyutkinf4@bluehost.com,Female,20.10.203.171
546,Sterne,Robertsson,srobertssonf5@webs.com,Male,108.106.59.193
547,Errol,Feltoe,efeltoef6@artisteer.com,Male,75.78.106.214
548,Kettie,Tatnell,ktatnellf7@webmd.com,Female,231.133.4.6
549,Warren,Logsdale,wlogsdalef8@hc360.com,Agender,25.252.183.203
550,Jon,O'Carran,jocarranf9@marriott.com,Male,148.59.157.172
551,Brennen,Chaulk,bchaulkfa@harvard.edu,Male,169.234.117.53
552,Caron,Zamora,czamorafb@biblegateway.com,Female,207.210.229.68
553,Ilario,Lawrance,ilawrancefc@eepurl.com,Male,247.118.103.78
554,Kin,Dudlestone,kdudlestonefd@netvibes.com,Male,237.42.96.118
555,Anjanette,Akid,aakidfe@telegraph.co.uk,Genderqueer,158.153.234.70
556,Doug,Lucey,dluceyff@printfriendly.com,Male,63.43.171.57
557,Kendal,Patnelli,kpatnellifg@bloglovin.com,Non-binary,96.119.246.127
558,Leslie,Lunck,llunckfh@ibm.com,Female,237.92.212.127
559,Irina,Fann,ifannfi@yelp.com,Female,216.245.207.193
560,Barrie,Shillington,bshillingtonfj@independent.co.uk,Non-binary,95.238.179.68
561,Janet,Safe,jsafefk@nydailynews.com,Female,16.248.100.47
562,Tamqrah,Childers,tchildersfl@icio.us,Female,193.113.70.65
563,Raye,Catterill,rcatterillfm@g.co,Female,87.193.87.1
564,Harwilll,Pirrie,hpirriefn@usatoday.com,Male,93.50.99.218
565,Chancey,Harpur,charpurfo@cisco.com,Male,146.105.132.51
566,Niccolo,Stather,nstatherfp@craigslist.org,Male,0.26.170.251
567,Leann,Viant,lviantfq@mysql.com,Female,77.0.194.167
568,Romona,Langstone,rlangstonefr@japanpost.jp,Female,178.203.161.33
569,Marcia,Dowe,mdowefs@purevolume.com,Female,123.119.131.12
570,Marj,Scroggs,mscroggsft@unblog.fr,Female,122.76.104.199
571,Taddeusz,Stopper,tstopperfu@bbc.co.uk,Male,59.191.160.200
572,Monti,Dunsire,mdunsirefv@hibu.com,Male,212.154.49.23
573,Mercie,Chatelain,mchatelainfw@homestead.com,Female,51.183.113.8
574,Lyn,Fryd,lfrydfx@123-reg.co.uk,Male,168.171.248.113
575,Patrick,Sedgeworth,psedgeworthfy@symantec.com,Male,149.180.114.185
576,Davidson,Grimsdyke,dgrimsdykefz@fc2.com,Male,226.219.107.66
577,Merline,Halworth,mhalworthg0@cafepress.com,Female,129.16.150.49
578,Aymer,Kyd,akydg1@istockphoto.com,Male,95.230.139.205
579,Latia,Edscer,ledscerg2@wix.com,Female,222.208.141.180
580,Yorgos,Bolingbroke,ybolingbrokeg3@nsw.gov.au,Male,76.217.72.90
581,Brittne,Lackington,blackingtong4@ovh.net,Female,255.117.72.106
582,Gianni,Pechacek,gpechacekg5@pbs.org,Male,48.117.180.63
583,Nani,Whitmarsh,nwhitmarshg6@ustream.tv,Female,0.213.111.25
584,Alec,Scotcher,ascotcherg7@mapy.cz,Male,241.166.238.27
585,Audra,Oxenford,aoxenfordg8@blogger.com,Female,75.147.129.98
586,Bryna,Murrell,bmurrellg9@infoseek.co.jp,Female,201.36.77.168
587,Nickey,Shapcott,nshapcottga@amazon.com,Male,109.120.84.218
588,Kameko,Gillopp,kgilloppgb@independent.co.uk,Female,53.66.171.82
589,Gigi,Drinkhill,gdrinkhillgc@freewebs.com,Female,98.21.52.72
590,Marietta,Dewhurst,mdewhurstgd@wikipedia.org,Female,214.21.74.206
591,Farley,Brodnecke,fbrodneckege@google.com,Male,25.33.110.170
592,Jed,Gawkes,jgawkesgf@archive.org,Polygender,110.231.23.72
593,Quintin,Roswarne,qroswarnegg@usda.gov,Male,37.13.133.191
594,Eugenio,Flude,efludegh@altervista.org,Polygender,135.246.24.29
595,Eleanora,Carne,ecarnegi@google.it,Female,212.150.171.82
596,Lorelle,Doppler,ldopplergj@boston.com,Female,89.133.222.157
597,Dorette,Gianettini,dgianettinigk@parallels.com,Female,94.229.62.43
598,Andrei,Wisniewski,awisniewskigl@discuz.net,Female,106.146.222.136
599,Hillyer,Muslim,hmuslimgm@foxnews.com,Male,201.188.196.166
600,Vi,Sirette,vsirettegn@elpais.com,Female,225.27.243.58
601,Tremaine,Macauley,tmacauleygo@ameblo.jp,Male,123.208.61.21
602,Rafa,Dinsale,rdinsalegp@seesaa.net,Female,171.138.0.73
603,Norby,Stearns,nstearnsgq@elpais.com,Male,161.9.189.244
604,Britt,McLardie,bmclardiegr@google.co.uk,Male,9.195.190.252
605,Archy,Mealham,amealhamgs@ifeng.com,Male,88.14.239.193
606,Leonie,Bremeyer,lbremeyergt@samsung.com,Female,247.216.103.10
607,Brian,Shepland,bsheplandgu@phoca.cz,Bigender,2.210.66.103
608,Letty,Mettetal,lmettetalgv@umich.edu,Female,87.28.226.215
609,Blair,Venton,bventongw@jimdo.com,Female,181.95.167.64
610,Nicky,Moggan,nmoggangx@digg.com,Female,185.98.100.10
611,Felice,Waber,fwabergy@gnu.org,Female,174.37.233.26
612,Martyn,Roscam,mroscamgz@xinhuanet.com,Male,73.212.108.103
613,Cad,Ewdale,cewdaleh0@fastcompany.com,Polygender,124.87.177.186
614,Abeu,Schiesterl,aschiesterlh1@weebly.com,Male,94.138.53.114
615,Fabian,Wallworke,fwallworkeh2@oaic.gov.au,Genderfluid,117.122.182.157
616,Brandtr,Murison,bmurisonh3@spotify.com,Male,159.141.58.177
617,Adelice,Sherrott,asherrotth4@comsenz.com,Female,116.224.105.165
618,Rustin,Doonican,rdoonicanh5@theguardian.com,Male,113.22.40.32
619,Devi,Willcox,dwillcoxh6@umn.edu,Female,133.44.171.145
620,Kelci,Killough,kkilloughh7@techcrunch.com,Female,46.70.120.58
621,Giles,Plet,gpleth8@ovh.net,Male,171.155.187.45
622,Bren,Garbett,bgarbetth9@pcworld.com,Female,95.209.105.171
623,Georgia,Popworth,gpopworthha@discovery.com,Female,196.219.186.208
624,Rockey,Cranmor,rcranmorhb@nifty.com,Male,132.93.243.59
625,Brok,Wheowall,bwheowallhc@apple.com,Male,182.118.250.173
626,Bob,Rulten,brultenhd@pen.io,Male,185.211.186.85
627,Reube,Sheridan,rsheridanhe@dailymotion.com,Non-binary,204.13.101.250
628,Guinevere,Chauvey,gchauveyhf@cbc.ca,Female,153.7.179.65
629,Henriette,Cudde,hcuddehg@chronoengine.com,Female,236.149.244.176
630,Francis,Mosley,fmosleyhh@mac.com,Male,11.125.172.107
631,Iorgo,Abramzon,iabramzonhi@shutterfly.com,Male,2.60.186.31
632,Ange,Fairnie,afairniehj@jugem.jp,Male,168.149.81.96
633,Craig,Lorkins,clorkinshk@dropbox.com,Male,174.118.135.144
634,Free,Gilli,fgillihl@vistaprint.com,Polygender,233.253.113.66
635,Rodina,Necolds,rnecoldshm@xing.com,Female,199.70.98.225
636,Ryann,Godlip,rgodliphn@huffingtonpost.com,Female,212.180.66.92
637,Saloma,Varvell,svarvellho@i2i.jp,Female,204.81.242.104
638,Inessa,Rehme,irehmehp@sun.com,Female,2.204.128.14
639,Cletis,Phizackarley,cphizackarleyhq@photobucket.com,Male,44.119.123.7
640,Fiona,Horlick,fhorlickhr@theglobeandmail.com,Female,98.115.204.240
641,Hulda,Stut,hstuths@indiegogo.com,Female,216.195.126.13
642,Raviv,Posvner,rposvnerht@nyu.edu,Male,118.109.6.230
643,Trixi,Gally,tgallyhu@acquirethisname.com,Female,35.175.240.93
644,Carlynn,Klarzynski,cklarzynskihv@fema.gov,Female,116.179.3.224
645,Simonette,Rishman,srishmanhw@mac.com,Female,102.177.200.20
646,Edee,des Remedios,edesremedioshx@facebook.com,Polygender,237.229.129.220
647,Raeann,Charnock,rcharnockhy@kickstarter.com,Female,34.122.218.192
648,Ginni,Karolczyk,gkarolczykhz@umn.edu,Female,13.128.30.104
649,Brantley,Seeler,bseeleri0@tinyurl.com,Genderfluid,29.67.104.36
650,Myrtia,Finnie,mfinniei1@blogger.com,Female,156.239.72.166
651,Nicholas,Yvens,nyvensi2@bloglines.com,Male,131.249.26.31
652,Callida,Bultitude,cbultitudei3@discovery.com,Female,151.122.156.191
653,Granthem,Charsley,gcharsleyi4@vistaprint.com,Male,191.117.225.205
654,Olympia,Anwell,oanwelli5@twitter.com,Female,204.89.192.73
655,Jordanna,Rikard,jrikardi6@freewebs.com,Female,210.64.235.40
656,Deeann,Scoone,dscoonei7@army.mil,Female,151.20.246.75
657,Gayelord,Creany,gcreanyi8@ask.com,Male,115.138.156.51
658,Bernardine,Jedrychowski,bjedrychowskii9@google.ca,Female,87.0.103.85
659,Brice,Perkins,bperkinsia@yelp.com,Male,242.117.234.49
660,Avery,Tasseler,atasselerib@tumblr.com,Male,236.112.51.180
661,Joe,Hackelton,jhackeltonic@time.com,Genderfluid,127.208.86.234
662,Hope,Camm,hcammid@cpanel.net,Female,66.152.151.115
663,Frasier,Withur,fwithurie@microsoft.com,Male,131.166.252.207
664,Michel,Maddigan,mmaddiganif@upenn.edu,Female,145.246.170.184
665,Tracie,Arnson,tarnsonig@friendfeed.com,Polygender,195.76.212.235
666,Jared,Ishak,jishakih@nymag.com,Male,209.106.116.237
667,Shoshana,Micka,smickaii@linkedin.com,Female,108.165.63.247
668,Jeremias,Droogan,jdrooganij@opera.com,Male,40.112.196.203
669,Papagena,Medforth,pmedforthik@icq.com,Female,99.101.83.119
670,Adriana,Mazin,amazinil@cnet.com,Female,240.127.186.225
671,Stanislas,McCowen,smccowenim@nhs.uk,Male,6.180.238.235
672,Birdie,McNeish,bmcneishin@patch.com,Female,234.158.115.208
673,Marcus,Faithorn,mfaithornio@smh.com.au,Male,136.34.204.4
674,Massimo,Collumbine,mcollumbineip@netvibes.com,Male,41.237.129.83
675,Clary,Dales,cdalesiq@1688.com,Female,43.244.32.129
676,Cecil,Cashley,ccashleyir@hp.com,Male,247.109.22.179
677,Cammy,Vasilechko,cvasilechkois@hatena.ne.jp,Female,49.177.208.172
678,Brittni,Battie,bbattieit@baidu.com,Female,33.249.203.241
679,Denver,Chape,dchapeiu@pagesperso-orange.fr,Male,232.77.254.101
680,Raychel,Waadenburg,rwaadenburgiv@sciencedirect.com,Female,92.77.137.13
681,Kirbie,Tomasini,ktomasiniiw@goo.gl,Female,56.98.247.210
682,Rudyard,Muffitt,rmuffittix@slideshare.net,Male,118.109.249.42
683,Jocko,Oakland,joaklandiy@time.com,Male,180.216.11.247
684,Worden,McAlroy,wmcalroyiz@adobe.com,Male,161.65.79.104
685,Ignaz,Nellen,inellenj0@bloomberg.com,Male,193.82.30.81
686,Anny,Butt Gow,abuttgowj1@ftc.gov,Female,241.219.33.84
687,Binky,Caile,bcailej2@cdc.gov,Genderqueer,108.111.0.187
688,Caryl,Truman,ctrumanj3@histats.com,Female,217.143.47.42
689,Onfre,Nesbit,onesbitj4@google.it,Male,30.238.186.81
690,Tamma,Drury,tdruryj5@hugedomains.com,Female,130.43.17.74
691,Sharleen,Glisane,sglisanej6@bbc.co.uk,Female,251.70.181.78
692,Carolyn,Frede,cfredej7@goodreads.com,Female,212.80.177.6
693,Ulick,Tresise,utresisej8@wsj.com,Male,93.250.148.194
694,Olivia,Crees,ocreesj9@webs.com,Female,109.191.153.128
695,Leanora,McNuff,lmcnuffja@cornell.edu,Female,142.99.175.104
696,Ashlee,Ixor,aixorjb@tinypic.com,Agender,233.145.93.27
697,Thatch,Nolleau,tnolleaujc@howstuffworks.com,Male,244.221.76.84
698,Simon,Antonin,santoninjd@ifeng.com,Male,45.39.201.126
699,Selie,Schenkel,sschenkelje@goo.gl,Female,149.67.2.216
700,Karlene,Downes,kdownesjf@examiner.com,Female,31.143.102.27
701,Bogart,Marunchak,bmarunchakjg@unicef.org,Male,47.94.159.175
702,Adriaens,Kennicott,akennicottjh@barnesandnoble.com,Female,111.47.176.6
703,Robby,Hunnawill,rhunnawillji@mediafire.com,Female,144.121.46.180
704,Elizabet,McNae,emcnaejj@alibaba.com,Female,105.100.22.123
705,Lisette,Gildersleaves,lgildersleavesjk@hubpages.com,Female,102.181.253.162
706,Harriett,Aps,hapsjl@prweb.com,Female,114.239.57.231
707,Almire,Canter,acanterjm@youtu.be,Female,95.130.25.147
708,Coop,Loughan,cloughanjn@xrea.com,Male,229.48.84.178
709,Benoit,Fishburn,bfishburnjo@globo.com,Male,15.92.180.47
710,Sosanna,Tissier,stissierjp@lulu.com,Female,0.143.87.198
711,Elsey,Bartolomeotti,ebartolomeottijq@dailymotion.com,Female,196.102.85.223
712,Jermayne,Crutchley,jcrutchleyjr@harvard.edu,Male,12.245.82.224
713,Mozelle,Painter,mpainterjs@naver.com,Female,230.188.36.232
714,Talya,Lockwood,tlockwoodjt@google.pl,Female,181.25.233.13
715,Hanan,Ord,hordju@ebay.co.uk,Male,236.255.132.249
716,Harp,Gonin,hgoninjv@aol.com,Male,112.201.74.147
717,Kip,Northidge,knorthidgejw@elpais.com,Male,247.239.43.96
718,Rosabelle,Gibson,rgibsonjx@techcrunch.com,Female,7.151.246.183
719,Inez,Winfield,iwinfieldjy@altervista.org,Female,141.194.26.68
720,Koral,Mordey,kmordeyjz@auda.org.au,Female,235.81.239.214
721,Wilow,Pinches,wpinchesk0@apache.org,Female,34.30.169.69
722,Jamal,Bernini,jberninik1@fotki.com,Male,6.186.18.102
723,Cad,Okker,cokkerk2@irs.gov,Male,41.137.199.55
724,Ara,Birth,abirthk3@youtube.com,Female,82.130.75.162
725,Page,Hadwick,phadwickk4@vkontakte.ru,Male,202.108.155.199
726,Cherilynn,Combe,ccombek5@indiegogo.com,Female,180.55.242.216
727,Artemus,Crookshanks,acrookshanksk6@usda.gov,Male,63.112.76.231
728,Shara,Wynch,swynchk7@independent.co.uk,Female,62.193.252.141
729,Talia,Hawkwood,thawkwoodk8@pcworld.com,Female,244.249.14.234
730,Alejandro,Lappin,alappink9@cnet.com,Male,128.218.143.118
731,Launce,Waberer,lwabererka@imageshack.us,Male,214.211.166.167
732,Emmery,Oades,eoadeskb@cnbc.com,Male,53.11.2.247
733,Thadeus,Papworth,tpapworthkc@gizmodo.com,Male,46.168.88.236
734,Conrade,Zavattiero,czavattierokd@howstuffworks.com,Male,87.72.193.52
735,Lusa,Sopp,lsoppke@yellowbook.com,Female,3.141.64.135
736,Francisca,Giacubbo,fgiacubbokf@booking.com,Genderfluid,125.232.218.186
737,Dexter,Hendonson,dhendonsonkg@twitpic.com,Male,100.218.22.109
738,Vanya,Ledingham,vledinghamkh@columbia.edu,Male,245.60.49.103
739,Netty,Wickliffe,nwickliffeki@blogtalkradio.com,Female,160.49.126.198
740,Tanney,Iorillo,tiorillokj@china.com.cn,Male,209.133.106.240
741,Jenelle,Yerill,jyerillkk@seattletimes.com,Genderqueer,212.105.98.180
742,Tore,Markushkin,tmarkushkinkl@ibm.com,Male,252.26.241.141
743,Susette,Eastcourt,seastcourtkm@phoca.cz,Agender,246.103.72.231
744,Meggi,Macrae,mmacraekn@goo.gl,Female,253.181.64.13
745,Allie,Harker,aharkerko@theglobeandmail.com,Female,224.80.246.57
746,Earle,Carnow,ecarnowkp@skyrock.com,Male,10.129.204.176
747,Locke,Morsey,lmorseykq@hao123.com,Male,60.75.221.133
748,Launce,Corhard,lcorhardkr@wordpress.org,Male,172.230.194.146
749,Tarrance,Petken,tpetkenks@squarespace.com,Male,156.101.57.41
750,Lem,Targe,ltargekt@fema.gov,Male,96.249.196.88
751,Jacky,Rhead,jrheadku@hc360.com,Female,79.37.226.72
752,Kylen,Lamort,klamortkv@nasa.gov,Female,89.72.212.140
753,Fara,Featherstonhaugh,ffeatherstonhaughkw@trellian.com,Female,113.84.207.175
754,Netty,Hurren,nhurrenkx@so-net.ne.jp,Female,130.176.100.67
755,Kathryne,Menezes,kmenezesky@newyorker.com,Female,89.127.205.141
756,Krissy,Stoke,kstokekz@about.me,Female,55.178.142.128
757,Goraud,Ayllett,gayllettl0@yahoo.com,Male,93.163.224.219
758,Gabi,O'Crigan,gocriganl1@gizmodo.com,Female,14.114.254.122
759,Clarita,MacAnellye,cmacanellyel2@omniture.com,Female,116.237.255.172
760,Ronnie,Flye,rflyel3@cbsnews.com,Male,166.98.141.188
761,Corella,Burrage,cburragel4@ow.ly,Female,211.4.160.145
762,Falkner,Trudgion,ftrudgionl5@newsvine.com,Male,221.232.137.51
763,Dav,Mansion,dmansionl6@weather.com,Male,5.44.19.51
764,Marlowe,Obeney,mobeneyl7@ihg.com,Male,107.252.186.160
765,Lucias,Calender,lcalenderl8@npr.org,Male,96.6.132.103
766,Olly,Sheppard,osheppardl9@1688.com,Male,115.131.0.123
767,Henrieta,Parish,hparishla@loc.gov,Female,28.254.237.156
768,Corbin,MacTrustrie,cmactrustrielb@sciencedaily.com,Male,5.113.16.230
769,Tiebout,Longthorn,tlongthornlc@youtu.be,Male,139.156.43.195
770,Welsh,Quinnell,wquinnellld@mashable.com,Male,130.124.73.136
771,Knox,Gomersal,kgomersalle@printfriendly.com,Male,201.220.71.200
772,Wilt,Suche,wsuchelf@msu.edu,Male,21.136.45.54
773,Raimundo,McCullouch,rmccullouchlg@npr.org,Genderfluid,76.242.95.209
774,Nanine,Egleton,negletonlh@prnewswire.com,Female,155.199.89.213
775,Mirabelle,Girardini,mgirardinili@amazon.com,Female,233.82.1.184
776,Dannie,Toffanelli,dtoffanellilj@about.me,Male,208.159.94.67
777,Wilmar,Goulbourne,wgoulbournelk@marriott.com,Male,255.29.115.7
778,Horten,Leighton,hleightonll@house.gov,Male,148.104.17.88
779,Crin,Drawmer,cdrawmerlm@gov.uk,Female,44.223.236.12
780,Baillie,Hamlen,bhamlenln@sina.com.cn,Male,183.154.102.146
781,Shantee,Trounce,strouncelo@elpais.com,Female,191.201.126.33
782,Willetta,Plester,wplesterlp@godaddy.com,Agender,66.188.55.199
783,Neel,Gallacher,ngallacherlq@geocities.jp,Male,243.7.238.86
784,Margot,Ruprich,mruprichlr@jalbum.net,Female,117.104.10.203
785,Delano,Hauger,dhaugerls@abc.net.au,Male,192.174.99.155
786,Man,Margrem,mmargremlt@t-online.de,Male,229.231.43.88
787,Mervin,Bapty,mbaptylu@nsw.gov.au,Male,215.94.160.13
788,Phillida,Sterrick,psterricklv@netscape.com,Non-binary,58.68.11.64
789,Llywellyn,Harling,lharlinglw@psu.edu,Male,219.11.122.168
790,Stafani,McGonnell,smcgonnelllx@acquirethisname.com,Female,235.4.239.25
791,Torey,Kennefick,tkennefickly@skyrock.com,Female,182.18.154.159
792,Manya,Beange,mbeangelz@paypal.com,Female,204.135.57.133
793,Dwight,Smithyman,dsmithymanm0@mayoclinic.com,Male,233.47.56.171
794,Sindee,Berka,sberkam1@yahoo.co.jp,Female,113.206.250.247
795,Bruis,Vossing,bvossingm2@elegantthemes.com,Male,13.202.15.121
796,Dorthea,Devenish,ddevenishm3@bigcartel.com,Female,98.32.216.8
797,Ailyn,Kivlin,akivlinm4@java.com,Female,231.33.4.213
798,Sena,Croutear,scroutearm5@theguardian.com,Female,21.238.42.225
799,Freda,Strauss,fstraussm6@icio.us,Female,32.37.59.167
800,Zenia,Rippon,zripponm7@hugedomains.com,Female,136.94.102.166
801,Anthiathia,Downton,adowntonm8@com.com,Female,133.103.75.79
802,Suzann,Lardier,slardierm9@cmu.edu,Female,185.160.9.111
803,Burlie,Kundert,bkundertma@so-net.ne.jp,Male,5.77.207.109
804,Jacky,McLugaish,jmclugaishmb@cmu.edu,Female,132.177.250.91
805,Scottie,Cowope,scowopemc@wordpress.com,Male,85.191.202.150
806,Vin,Lacheze,vlachezemd@mail.ru,Male,212.81.134.18
807,Baily,Ballaam,bballaamme@netscape.com,Male,248.224.167.143
808,Nadiya,Starton,nstartonmf@reuters.com,Bigender,49.166.10.205
809,Grayce,de Verson,gdeversonmg@hubpages.com,Female,140.18.173.201
810,Fergus,Durtnell,fdurtnellmh@jimdo.com,Male,49.182.111.46
811,Justina,Sweett,jsweettmi@parallels.com,Female,112.51.243.246
812,Levon,Pecha,lpechamj@4shared.com,Male,94.89.70.251
813,Katya,Frany,kfranymk@google.pl,Female,228.209.75.221
814,Ezri,Brownlee,ebrownleeml@1und1.de,Male,243.136.116.160
815,Shermie,Radborn,sradbornmm@domainmarket.com,Genderqueer,34.250.49.113
816,Torin,Muffett,tmuffettmn@over-blog.com,Male,156.38.243.83
817,Merola,Monte,mmontemo@google.com.hk,Female,210.40.33.11
818,Nappie,Dewhurst,ndewhurstmp@1688.com,Male,177.24.143.174
819,Welby,Purkiss,wpurkissmq@mapquest.com,Male,108.224.48.197
820,Johanna,Sissens,jsissensmr@aol.com,Female,23.213.64.181
821,Barnard,Tiptaft,btiptaftms@twitpic.com,Male,192.126.51.188
822,Delmore,Twelvetrees,dtwelvetreesmt@tripadvisor.com,Male,123.156.121.87
823,Philippa,Sterte,pstertemu@yale.edu,Female,114.230.185.66
824,Terry,Heims,theimsmv@mozilla.com,Female,5.239.49.172
825,Hanna,Rawood,hrawoodmw@opera.com,Female,43.208.97.155
826,Sol,Lister,slistermx@princeton.edu,Male,200.38.185.251
827,Dud,Edmed,dedmedmy@disqus.com,Male,126.103.74.56
828,Valina,Guiu,vguiumz@cnet.com,Female,75.86.34.196
829,Wandie,Fayers,wfayersn0@weather.com,Female,161.213.64.96
830,Torin,Burberye,tburberyen1@uol.com.br,Male,45.138.219.204
831,Jarib,Lockett,jlockettn2@exblog.jp,Male,85.15.211.136
832,Damien,Dodamead,ddodameadn3@pcworld.com,Male,232.44.166.28
833,Ingmar,Piechnik,ipiechnikn4@indiegogo.com,Male,196.247.79.27
834,Liam,Chaplain,lchaplainn5@photobucket.com,Male,20.3.192.157
835,Carmel,Cadd,ccaddn6@time.com,Female,36.192.29.82
836,Ware,Chucks,wchucksn7@imdb.com,Genderfluid,172.178.98.29
837,Derick,Casaletto,dcasaletton8@google.co.jp,Male,186.212.204.100
838,Ware,Collop,wcollopn9@ibm.com,Male,119.1.13.19
839,June,Dauber,jdauberna@prweb.com,Female,113.165.179.120
840,Micky,Beddon,mbeddonnb@google.com.br,Female,120.252.72.239
841,Jessy,Fechnie,jfechnienc@51.la,Genderqueer,18.194.132.188
842,Patrica,Revel,prevelnd@weebly.com,Female,147.97.107.191
843,Monika,Drynan,mdrynanne@cocolog-nifty.com,Female,16.221.162.245
844,Salli,Skitch,sskitchnf@geocities.jp,Female,66.139.183.232
845,Aldrich,Strangman,astrangmanng@ezinearticles.com,Genderfluid,234.249.224.161
846,Benita,Berlin,bberlinnh@imgur.com,Female,167.29.215.2
847,Cammy,Immins,cimminsni@moonfruit.com,Female,120.231.65.148
848,Marcellus,Binney,mbinneynj@symantec.com,Male,34.107.1.37
849,Jorie,Putson,jputsonnk@omniture.com,Female,106.21.96.13
850,Ranice,Britian,rbritiannl@pen.io,Female,189.33.157.119
851,Rockey,Braganca,rbragancanm@liveinternet.ru,Male,110.233.236.99
852,Felipa,Semiras,fsemirasnn@who.int,Female,45.26.8.253
853,Asher,Sarsfield,asarsfieldno@scientificamerican.com,Male,191.49.250.239
854,Obediah,Fenner,ofennernp@ocn.ne.jp,Male,120.115.100.37
855,Terrence,Mackley,tmackleynq@cisco.com,Male,28.124.236.70
856,Jakie,Meeus,jmeeusnr@amazon.com,Male,187.9.75.226
857,Beilul,Lidyard,blidyardns@gmpg.org,Female,179.18.64.26
858,Ab,Shillingford,ashillingfordnt@cnet.com,Male,90.164.223.93
859,Ros,Coffin,rcoffinnu@histats.com,Non-binary,81.150.131.150
860,Ignazio,Mitchelson,imitchelsonnv@xinhuanet.com,Male,186.16.33.35
861,Tarrance,Albon,talbonnw@xing.com,Male,212.104.255.133
862,Gilburt,Bolte,gboltenx@wunderground.com,Male,148.39.130.62
863,Kelly,Summerlee,ksummerleeny@geocities.jp,Bigender,58.93.34.41
864,Jessy,Rate,jratenz@google.co.uk,Female,156.212.141.79
865,Edlin,Phetteplace,ephetteplaceo0@amazon.co.uk,Male,74.198.122.223
866,Skelly,Elster,selstero1@unesco.org,Male,176.220.110.228
867,Peter,McPeake,pmcpeakeo2@163.com,Male,229.64.107.204
868,Max,Makeswell,mmakeswello3@businesswire.com,Female,232.20.80.163
869,Augustine,Haggas,ahaggaso4@oakley.com,Female,17.6.142.83
870,Celle,Reffe,creffeo5@quantcast.com,Female,96.120.216.66
871,Christie,Adey,cadeyo6@macromedia.com,Female,116.42.184.85
872,Harlin,Thirlwall,hthirlwallo7@mashable.com,Male,215.157.152.41
873,Gerda,Groger,ggrogero8@si.edu,Genderfluid,32.177.106.84
874,Nicolette,Bere,nbereo9@jiathis.com,Female,112.241.98.246
875,Artemus,Easterfield,aeasterfieldoa@behance.net,Male,12.143.87.231
876,Petronilla,MacNeillie,pmacneillieob@issuu.com,Bigender,53.123.93.249
877,Dal,Melmeth,dmelmethoc@arizona.edu,Bigender,121.156.53.92
878,Bev,McPaik,bmcpaikod@lycos.com,Male,246.172.158.153
879,Marijn,Zisneros,mzisnerosoe@bbc.co.uk,Male,29.177.106.245
880,Dunstan,Acott,dacottof@lycos.com,Genderqueer,45.210.152.147
881,Dwayne,Powdrill,dpowdrillog@smh.com.au,Male,87.171.171.141
882,Derron,Bendan,dbendanoh@webmd.com,Polygender,234.58.187.129
883,Andrew,Bates,abatesoi@behance.net,Male,130.112.149.16
884,Margalo,Pritchard,mpritchardoj@imageshack.us,Female,196.36.30.130
885,Ches,Legrice,clegriceok@fema.gov,Male,170.102.95.214
886,Meyer,Hunnam,mhunnamol@mac.com,Bigender,118.86.43.214
887,Bryna,Saxby,bsaxbyom@hostgator.com,Non-binary,255.10.127.1
888,Dag,Brazenor,dbrazenoron@sphinn.com,Male,104.165.122.11