id,first_name,last_name,email
1,Sydelle,Savil,ssavil0@shinystat.com
2,Clementia,Bowry,cbowry1@ca.gov
3,Ebony,Godard,egodard2@t-online.de
4,Maxine,Georgelin,mgeorgelin3@squidoo.com
5,Flory,Zoppie,fzoppie4@scribd.com
6,Carley,Eplate,ceplate5@reddit.com
7,Skipper,Dedden,sdedden6@squidoo.com
8,Chip,Dring,cdring7@bluehost.com
9,Michelle,Petrussi,mpetrussi8@livejournal.com
10,Melisandra,Sturzaker,msturzaker9@t.co
11,Tadd,Copnell,tcopnella@php.net
12,Murvyn,Fauguel,mfauguelb@youtu.be
13,Galvan,Warboy,gwarboyc@sciencedaily.com
14,Onofredo,Jannaway,ojannawayd@amazon.de
15,Nigel,Ferretti,nferrettie@ft.com
16,Charlot,Wethered,cwetheredf@mac.com
17,Bettine,Ramsey,bramseyg@flavors.me
18,Evelina,O' Mulderrig,eomulderrigh@vimeo.com
19,Teddie,Kennifick,tkennificki@fc2.com
20,Eadith,Pouton,epoutonj@sciencedaily.com
21,Gordan,MacCallam,gmaccallamk@ft.com
22,Lowell,Palluschek,lpalluschekl@buzzfeed.com
23,Reilly,Realy,rrealym@hostgator.com
24,Law,Over,lovern@cbsnews.com
25,Martguerita,Buick,mbuicko@ucla.edu
26,Willy,Minero,wminerop@wired.com
27,Veda,Bremeyer,vbremeyerq@addthis.com
28,Sayre,Golds,sgoldsr@mozilla.com
29,Kenny,Kornel,kkornels@microsoft.com
30,Goraud,Dulwitch,gdulwitcht@apple.com
31,Magdalena,Sprull,msprullu@yolasite.com
32,Alric,Powles,apowlesv@last.fm
33,Alwyn,Beadman,abeadmanw@census.gov
34,Hallie,Rickson,hricksonx@nba.com
35,Berny,Guillon,bguillony@sourceforge.net
36,Essa,Winspeare,ewinspearez@facebook.com
37,Verney,O' Ronan,voronan10@forbes.com
38,Barde,Ralfe,bralfe11@skype.com
39,Claudian,Earthfield,cearthfield12@blogger.com
40,Cacilia,Ellicock,cellicock13@vkontakte.ru
41,Mordy,McGillivray,mmcgillivray14@merriam-webster.com
42,Elle,Raoult,eraoult15@google.co.uk
43,Pamelina,Collister,pcollister16@163.com
44,Kimmi,Szreter,kszreter17@disqus.com
45,Teddie,MacMichael,tmacmichael18@who.int
46,Molli,Sterndale,msterndale19@globo.com
47,Ber,Kelling,bkelling1a@usda.gov
48,Vernen,Warricker,vwarricker1b@gizmodo.com
49,Orly,Wright,owright1c@msu.edu
50,Othilie,Tysall,otysall1d@shareasale.com
51,Willamina,Swalowe,wswalowe1e@epa.gov
52,Rebeca,Swancott,rswancott1f@smh.com.au
53,Teena,Brandsen,tbrandsen1g@lycos.com
54,Patty,Welham,pwelham1h@ihg.com
55,Roxy,Spinke,rspinke1i@intel.com
56,Aarika,Haselwood,ahaselwood1j@sitemeter.com
57,Chancey,Baroc,cbaroc1k@who.int
58,Erica,Petrelli,epetrelli1l@nps.gov
59,Kippy,Skottle,kskottle1m@yale.edu
60,Anjela,Reneke,areneke1n@webnode.com
61,Vernen,Tetsall,vtetsall1o@youtu.be
62,Mendel,St Leger,mstleger1p@senate.gov
63,Annette,Hawke,ahawke1q@phpbb.com
64,Monti,Melody,mmelody1r@fastcompany.com
65,Elisabetta,Lacky,elacky1s@columbia.edu
66,Eduino,Holligan,eholligan1t@pcworld.com
67,Zechariah,Sindall,zsindall1u@mail.ru
68,Gordy,Wesker,gwesker1v@edublogs.org
69,Koralle,Roddy,kroddy1w@microsoft.com
70,Micheal,Labrenz,mlabrenz1x@wikimedia.org
71,Liesa,Newlove,lnewlove1y@twitter.com
72,Mariya,Ribey,mribey1z@npr.org
73,Lek,Conaghan,lconaghan20@wunderground.com
74,Leodora,Ganning,lganning21@123-reg.co.uk
75,Noland,Underwood,nunderwood22@biglobe.ne.jp
76,Maryann,Ludmann,mludmann23@mashable.com
77,Terry,Sotworth,tsotworth24@exblog.jp
78,Torr,Cornbill,tcornbill25@omniture.com
79,Elna,Pither,epither26@cbsnews.com
80,Carlin,Stollberg,cstollberg27@sitemeter.com
81,Lancelot,Astridge,lastridge28@shop-pro.jp
82,Barny,Patley,bpatley29@yolasite.com
83,Carree,Ffoulkes,cffoulkes2a@earthlink.net
84,Collie,Killshaw,ckillshaw2b@admin.ch
85,Larry,Elvin,lelvin2c@discovery.com
86,Kariotta,Checklin,kchecklin2d@illinois.edu
87,Karlis,Downgate,kdowngate2e@example.com
88,Amelita,Morewood,amorewood2f@bravesites.com
89,Sula,Osmant,sosmant2g@cocolog-nifty.com
90,Xenia,Gatteridge,xgatteridge2h@state.tx.us
91,Ulla,Kacheler,ukacheler2i@zimbio.com
92,Llywellyn,Rainer,lrainer2j@arizona.edu
93,Marvin,Cobley,mcobley2k@cnn.com
94,Rennie,Dudmesh,rdudmesh2l@accuweather.com
95,Jeff,Rotter,jrotter2m@networkadvertising.org
96,Claiborne,Latus,clatus2n@meetup.com
97,Tandy,Montacute,tmontacute2o@upenn.edu
98,Petra,Danieli,pdanieli2p@wikispaces.com
99,Ned,Ogles,nogles2q@xing.com
100,Silvio,Studdeard,sstuddeard2r@umn.edu
101,Lucais,Gaynes,lgaynes2s@utexas.edu
102,Janel,Wippermann,jwippermann2t@gizmodo.com
103,Arte,Kettles,akettles2u@ucoz.com
104,Ailene,Mozzetti,amozzetti2v@wiley.com
105,Benedick,Crean,bcrean2w@nifty.com
106,Vanna,Bigglestone,vbigglestone2x@hc360.com
107,Melony,Griffoen,mgriffoen2y@ovh.net
108,Beilul,Neeve,bneeve2z@1und1.de
109,Kaycee,Woolens,kwoolens30@loc.gov
110,Delly,Tomaino,dtomaino31@gravatar.com
111,Leona,Oldcroft,loldcroft32@yellowpages.com
112,Heidi,Bartholin,hbartholin33@mapy.cz
113,Alexandrina,Almak,aalmak34@ustream.tv
114,Rania,Wesgate,rwesgate35@theguardian.com
115,Thorndike,Guslon,tguslon36@google.ru
116,Hermine,Devey,hdevey37@squidoo.com
117,Jodie,Stoute,jstoute38@tripod.com
118,Fabian,Canto,fcanto39@mysql.com
119,Suzanna,Aymerich,saymerich3a@mayoclinic.com
120,Anita,Spiring,aspiring3b@yellowbook.com
121,Esme,Hake,ehake3c@merriam-webster.com
122,Renae,Breitling,rbreitling3d@army.mil
123,Modestine,Clyburn,mclyburn3e@theguardian.com
124,Leena,Marti,lmarti3f@alexa.com
125,Tabbie,Larrad,tlarrad3g@amazon.co.jp
126,Kalinda,Biernat,kbiernat3h@time.com
127,Brit,Ramet,bramet3i@themeforest.net
128,Ferguson,Sibray,fsibray3j@cam.ac.uk
129,Tani,Kynan,tkynan3k@tamu.edu
130,Gerry,Backler,gbackler3l@eepurl.com
131,Neddy,Schuelcke,nschuelcke3m@epa.gov
132,Booth,Dobrovolny,bdobrovolny3n@drupal.org
133,Jule,Hanse,jhanse3o@a8.net
134,Kristina,Kitchin,kkitchin3p@gnu.org
135,Felike,Galero,fgalero3q@theglobeandmail.com
136,Garald,Calafate,gcalafate3r@ucoz.ru
137,Maggee,Schuelcke,mschuelcke3s@yellowpages.com
138,Ali,Lindholm,alindholm3t@constantcontact.com
139,Nettie,Enevoldsen,nenevoldsen3u@dyndns.org
140,Sibilla,Kaplin,skaplin3v@mlb.com
141,Viviyan,Barks,vbarks3w@desdev.cn
142,Russ,Cockarill,rcockarill3x@spiegel.de
143,Kacy,Murrell,kmurrell3y@phoca.cz
144,Nataline,Insoll,ninsoll3z@exblog.jp
145,Parke,Giovannacc@i,pgiovannacci40@amazonaws.com
146,Hilary,Eddison,heddison41@bloomberg.com
147,Ingaborg,Loker,iloker42@unblog.fr
148,Jarrad,Cridge,jcridge43@yellowpages.com
149,Celina,Penni,cpenni44@marketwatch.com
150,Burty,Simek,bsimek45@netlog.com
151,Wilhelmina,Babar,wbabar46@techcrunch.com
152,Lyndsay,Shenley,lshenley47@newyorker.com
153,Jordan,Dowsey,jdowsey48@hubpages.com
154,Ladonna,Mill,lmill49@jugem.jp
155,Betsy,Basset,bbasset4a@icio.us
156,Artair,Leal,aleal4b@google.fr
157,Grethel,Benoist,gbenoist4c@google.nl
158,Adolpho,Cathersides,acathersides4d@google.co.jp
159,Adlai,Colhoun,acolhoun4e@cornell.edu
160,Shamus,Alenov,salenov4f@4shared.com
161,Urbain,Belford,ubelford4g@cam.ac.uk
162,Constantino,Ahrens,cahrens4h@time.com
163,Clerissa,Bere,cbere4i@yahoo.co.jp
164,Candis,Kryzhov,ckryzhov4j@bluehost.com
165,Tobey,Alam,talam4k@dagondesign.com
166,Dallis,Lygo,dlygo4l@elegantthemes.com
167,Joeann,Maddigan,jmaddigan4m@stanford.edu
168,Terence,Healeas,thealeas4n@arstechnica.com
169,Franni,Delea,fdelea4o@bizjournals.com
170,Ashleigh,Muckart,amuckart4p@wikia.com
171,Doro,Dumingo,ddumingo4q@hubpages.com
172,Allyn,Bigland,abigland4r@ocn.ne.jp
173,Farr,Grills,fgrills4s@nydailynews.com
174,Otho,Yurshev,oyurshev4t@tripadvisor.com
175,Jack,Hassall,jhassall4u@linkedin.com
176,Row,Spurryer,rspurryer4v@meetup.com
177,Tatiania,Rackam,trackam4w@shareasale.com
178,Noellyn,Cleyburn,ncleyburn4x@alibaba.com
179,Eimile,Huerta,ehuerta4y@fc2.com
180,Zaccaria,Cullin,zcullin4z@shinystat.com
181,Georas,Hellsdon,ghellsdon50@narod.ru
182,Pearla,Aujean,paujean51@sina.com.cn
183,Jacintha,Scadding,jscadding52@opera.com
184,Standford,Smewing,ssmewing53@merriam-webster.com
185,Vanni,O'Sullivan,vosullivan54@cnn.com
186,Emanuele,Makey,emakey55@tiny.cc
187,Bellina,Coyish,bcoyish56@howstuffworks.com
188,Loise,Rubra,lrubra57@umn.edu
189,Hart,Childerhouse,hchilderhouse58@surveymonkey.com
190,Hadria,McNiven,hmcniven59@homestead.com
191,Milli,Simanek,msimanek5a@paypal.com
192,Laurie,Ianinotti,lianinotti5b@berkeley.edu
193,Kania,Clipson,kclipson5c@sphinn.com
194,Drusi,Lampens,dlampens5d@jimdo.com
195,Angelo,Vodden,avodden5e@netvibes.com
196,Taite,Thurlow,tthurlow5f@time.com
197,Lonee,Crystal,lcrystal5g@marketwatch.com
198,Ruthy,Godfery,rgodfery5h@scientificamerican.com
199,Biron,Dredge,bdredge5i@so-net.ne.jp
200,Bessy,Gregore,bgregore5j@jiathis.com
201,Anitra,Lugard,alugard5k@scientificamerican.com
202,Aldric,Sadd,asadd5l@typepad.com
203,Brooke,Garbutt,bgarbutt5m@eventbrite.com
204,Codie,Langhor,clanghor5n@wix.com
205,Hugh,McAlpine,hmcalpine5o@reddit.com
206,Lorrie,Ivermee,livermee5p@over-blog.com
207,Lemmy,Drummond,ldrummond5q@eepurl.com
208,Kristina,Swaile,kswaile5r@soup.io
209,Teresa,Mungan,tmungan5s@cmu.edu
210,Janean,Dericut,jdericut5t@purevolume.com
211,Grantley,McGeaney,gmcgeaney5u@ehow.com
212,Grove,Harnetty,gharnetty5v@discovery.com
213,Dore,Daudray,ddaudray5w@plala.or.jp
214,Harley,Wakefield,hwakefield5x@list-manage.com
215,Babs,Penswick,bpenswick5y@clickbank.net
216,Llewellyn,Dorcey,ldorcey5z@google.com.br
217,Carlos,Bester,cbester60@photobucket.com
218,Tannie,Alten,talten61@nyu.edu
219,Reider,Helleker,rhelleker62@phoca.cz
220,Jeffy,Brooksbie,jbrooksbie63@state.gov
221,Kermy,Graben,kgraben64@i2i.jp
222,Mag,Bartlomiejczyk,mbartlomiejczyk65@omniture.com
223,Mandi,Brithman,mbrithman66@about.com
224,Gibb,Duddell,gduddell67@stanford.edu
225,Kirstin,Anglim,kanglim68@ibm.com
226,Queenie,Filan,qfilan69@xing.com
227,Justina,Pallent,jpallent6a@dell.com
228,Cristie,Zanni,czanni6b@mtv.com
229,Rocky,Mannooch,rmannooch6c@usda.gov
230,Andree,Verbruggen,averbruggen6d@scribd.com
231,Grazia,Bickerton,gbickerton6e@etsy.com
232,Lancelot,Sabin,lsabin6f@weibo.com
233,Roi,Allflatt,rallflatt6g@elegantthemes.com
234,Perceval,Chainey,pchainey6h@tuttocitta.it
235,Jacky,Doylend,jdoylend6i@ucoz.ru
236,Kayla,Lovie,klovie6j@livejournal.com
237,Sammy,Stitch,sstitch6k@wufoo.com
238,Mariana,Whellans,mwhellans6l@dot.gov
239,Dayle,Gon,dgon6m@ustream.tv
240,Maynord,Stoeckle,mstoeckle6n@ft.com
241,Ody,Fenna,ofenna6o@nbcnews.com
242,Basilio,Burling,bburling6p@cisco.com
243,Janot,Phinnessy,jphinnessy6q@slate.com
244,Ernesto,Faussett,efaussett6r@umn.edu
245,Gus,Labrenz,glabrenz6s@mapy.cz
246,Aridatha,Gras,agras6t@cargocollective.com
247,Quincey,Westcott,qwestcott6u@house.gov
248,Carita,Moyse,cmoyse6v@chronoengine.com
249,Bryon,Billett,bbillett6w@sohu.com
250,Abra,Keling,akeling6x@g.co
251,Chuck,Huetson,chuetson6y@buzzfeed.com
252,Berry,Worsam,bworsam6z@businesswire.com
253,Ginnifer,Twohig,gtwohig70@webnode.com
254,Shirline,Matevushev,smatevushev71@cocolog-nifty.com
255,Rhea,Deverose,rdeverose72@yolasite.com
256,Maureene,Thurlby,mthurlby73@about.me
257,Lizbeth,Jamison,ljamison74@so-net.ne.jp
258,Ancell,MacNamee,amacnamee75@networksolutions.com
259,Golda,Monsey,gmonsey76@wsj.com
260,Lu,Riddiough,lriddiough77@buzzfeed.com
261,Parsifal,Helling,phelling78@boston.com
262,Mommy,Amos,mamos79@360.cn
263,Ralph,Power,rpower7a@seesaa.net
264,Brandyn,Gammett,bgammett7b@feedburner.com
265,Martelle,Strasse,mstrasse7c@nytimes.com
266,Lillian,Face,lface7d@opensource.org
267,Carlin,Livens,clivens7e@va.gov
268,Ulises,Dybald,udybald7f@free.fr
269,Antoinette,Buey,abuey7g@marriott.com
270,Giulia,Blitz,gblitz7h@gnu.org
271,Annamarie,Marrion,amarrion7i@tripadvisor.com
272,Chrystal,Giuron,cgiuron7j@jugem.jp
273,Valli,Keneleyside,vkeneleyside7k@sciencedaily.com
274,Robb,Tills,rtills7l@xrea.com
275,Creigh,Pover,cpover7m@berkeley.edu
276,Lorinda,Papis,lpapis7n@cmu.edu
277,Malanie,Dahmke,mdahmke7o@nymag.com
278,Irv,Meijer,imeijer7p@google.com.br
279,Decca,Scobie,dscobie7q@4shared.com
280,Deeanne,Glassford,dglassford7r@wunderground.com
281,Natassia,Ruttgers,nruttgers7s@home.pl
282,Allx,Lillecrop,alillecrop7t@wix.com
283,Riordan,Heighway,rheighway7u@about.me
284,Selle,Disley,sdisley7v@boston.com
285,Rani,Ossipenko,rossipenko7w@dot.gov
286,Nathalie,O'Lehane,nolehane7x@webs.com
287,Katharyn,Cavendish,kcavendish7y@is.gd
288,Harris,Martinuzzi,hmartinuzzi7z@arstechnica.com
289,Giustina,Koche,gkoche80@twitpic.com
290,Enriqueta,Scutter,escutter81@digg.com
291,Raine,Mulqueen,rmulqueen82@apache.org
292,Dieter,Lehon,dlehon83@wix.com
293,Sam,Fransemai,sfransemai84@state.gov
294,Ginny,Cleeves,gcleeves85@mayoclinic.com
295,Kippy,Boumphrey,kboumphrey86@cbsnews.com
296,Eleonora,Dennis,edennis87@npr.org
297,Jackie,Plumtree,jplumtree88@jigsy.com
298,Ody,Soutar,osoutar89@w3.org
299,Doro,Lightwing,dlightwing8a@who.int
300,Domenic,Paskerful,dpaskerful8b@europa.eu
301,Aretha,Josupeit,ajosupeit8c@patch.com
302,Robinett,Coventry,rcoventry8d@ow.ly
303,Katerine,O'Mahoney,komahoney8e@ox.ac.uk
304,Lee,Berkeley,lberkeley8f@reference.com
305,Carl,Feldharker,cfeldharker8g@e-recht24.de
306,Daveen,Pinch,dpinch8h@independent.co.uk
307,Ransom,Andriuzzi,randriuzzi8i@dailymotion.com
308,Deidre,Gravett,dgravett8j@zdnet.com
309,Bili,Losseljong,blosseljong8k@last.fm
310,Brena,Dart,bdart8l@gmpg.org
311,Selle,Bees,sbees8m@hatena.ne.jp
312,Heloise,Fulk,hfulk8n@wsj.com
313,Lorrie,Cassley,lcassley8o@marriott.com
314,Hilton,Lester,hlester8p@eepurl.com
315,Stormy,Brabon,sbrabon8q@epa.gov
316,Clarie,Aymes,caymes8r@stanford.edu
317,Gill,Lyddiard,glyddiard8s@printfriendly.com
318,Leland,Gowland,lgowland8t@angelfire.com
319,Reta,Forder,rforder8u@opensource.org
320,Peyton,Ferrolli,pferrolli8v@foxnews.com
321,Cherin,Swatheridge,cswatheridge8w@senate.gov
322,Maurizio,Bonifant,mbonifant8x@merriam-webster.com
323,Norah,Kunes,nkunes8y@ow.ly
324,Saidee,Conquer,sconquer8z@wikispaces.com
325,Buffy,Jakobssen,bjakobssen90@nhs.uk
326,Kellie,Fabry,kfabry91@barnesandnoble.com
327,Laverna,Novacek,lnovacek92@accuweather.com
328,Elke,Feary,efeary93@sourceforge.net
329,Rasia,Jerratsch,rjerratsch94@flavors.me
330,Stephie,Bleacher,sbleacher95@nymag.com
331,Nev,Bullin,nbullin96@examiner.com
332,Arluene,Laroze,alaroze97@newyorker.com
333,Chickie,Van Giffen,cvangiffen98@slate.com
334,Ringo,Swine,rswine99@ustream.tv
335,Lorrie,Buxsey,lbuxsey9a@xrea.com
336,Livvyy,Mannie,lmannie9b@about.me
337,Jakob,Rigate,jrigate9c@elpais.com
338,Christophorus,Videan,cvidean9d@eventbrite.com
339,Lorry,Dunge,ldunge9e@flavors.me
340,Margaretta,Willas,mwillas9f@twitpic.com
341,Pierce,Clinch,pclinch9g@ameblo.jp
342,Kimble,Prando,kprando9h@uol.com.br
343,Shaun,Berrey,sberrey9i@is.gd
344,Griffith,Mainland,gmainland9j@e-recht24.de
345,Ericka,Rontsch,erontsch9k@webmd.com
346,Revkah,McCleary,rmccleary9l@google.nl
347,Debee,Rany,drany9m@jigsy.com
348,Mayor,Ostler,mostler9n@ocn.ne.jp
349,Engelbert,Ballister,eballister9o@cmu.edu
350,Granny,Verna,gverna9p@google.de
351,Cherey,Testin,ctestin9q@issuu.com
352,Hastings,Amor,hamor9r@woothemes.com
353,Helenka,Giacubo,hgiacubo9s@dell.com
354,Allx,Durbyn,adurbyn9t@freewebs.com
355,Broddy,Spong,bspong9u@msn.com
356,Paulie,Warratt,pwarratt9v@vk.com
357,Osbert,Bantock,obantock9w@sciencedirect.com
358,Adrian,Foli,afoli9x@blogtalkradio.com
359,Adaline,Berrie,aberrie9y@shareasale.com
360,Myron,Gumm,mgumm9z@bbc.co.uk
361,Kylie,Delaney,kdelaneya0@topsy.com
362,Madelene,Gowrie,mgowriea1@bbc.co.uk
363,Malissa,Nyssen,mnyssena2@mapquest.com
364,Tabby,Hyndley,thyndleya3@sphinn.com
365,Marcus,Corradi,mcorradia4@clickbank.net
366,Madlin,Dahlbom,mdahlboma5@odnoklassniki.ru
367,Ingelbert,Spoole,ispoolea6@pinterest.com
368,Patrizia,Kimmerling,pkimmerlinga7@sourceforge.net
369,Fiona,Syms,fsymsa8@sina.com.cn
370,Gusta,Peacop,gpeacopa9@google.pl
371,Roxanna,Sobczak,rsobczakaa@altervista.org
372,Keane,Phippard,kphippardab@independent.co.uk
373,Edik,Igo,eigoac@virginia.edu
374,Bartolomeo,Widd,bwiddad@mail.ru
375,Angelika,Taudevin,ataudevinae@msu.edu
376,Melany,Bridie,mbridieaf@hp.com
377,Clea,Murgatroyd,cmurgatroydag@trellian.com
378,Didi,Grinstead,dgrinsteadah@oakley.com
379,Haze,Cossor,hcossorai@typepad.com
380,Wilfrid,Brosi,wbrosiaj@ebay.co.uk
381,Lorna,Evins,levinsak@accuweather.com
382,Therine,Sofe,tsofeal@va.gov
383,Merrily,Vasile,mvasileam@unblog.fr
384,Ragnar,Castellan,rcastellanan@lycos.com
385,Orrin,Hancox,ohancoxao@hubpages.com
386,Guillermo,Espadas,gespadasap@shop-pro.jp
387,Inna,Brosini,ibrosiniaq@hhs.gov
388,Neron,Yaldren,nyaldrenar@dion.ne.jp
389,Harlie,Killcross,hkillcrossas@surveymonkey.com
390,Una,Kelberer,ukelbererat@time.com
391,De,Mauditt,dmaudittau@nytimes.com
392,Carmine,Twinbrow,ctwinbrowav@hatena.ne.jp
393,Jessalin,Birdis,jbirdisaw@ezinearticles.com
394,Junie,Bartolomeazzi,jbartolomeazziax@epa.gov
395,Marleen,Bosman,mbosmanay@cafepress.com
396,Samuele,Jumel,sjumelaz@bravesites.com
397,Gill,Crocker,gcrockerb0@gov.uk
398,Raimund,Grimble,rgrimbleb1@google.ca
399,Evyn,O'Fielly,eofiellyb2@businessweek.com
400,Bambi,Louder,blouderb3@amazon.com
401,Lockwood,Perring,lperringb4@slideshare.net
402,Gabriela,MacRory,gmacroryb5@washingtonpost.com
403,Gayle,Geratasch,ggerataschb6@redcross.org
404,Elna,Cruxton,ecruxtonb7@house.gov
405,Joleen,Downey,jdowneyb8@usa.gov
406,Ayn,Stolle,astolleb9@aol.com
407,Meredith,Dyter,mdyterba@google.pl
408,Kristin,Mullineux,kmullineuxbb@sun.com
409,Georgette,Shovelin,gshovelinbc@unc.edu
410,Charisse,Jain,cjainbd@360.cn
411,Saloma,Caldecutt,scaldecuttbe@jimdo.com
412,Yardley,Dowyer,ydowyerbf@livejournal.com
413,Dorthy,Bussey,dbusseybg@marketwatch.com
414,Newton,Kenny,nkennybh@hatena.ne.jp
415,Starlin,Bluschke,sbluschkebi@tinyurl.com
416,Stillman,Noir,snoirbj@youtube.com
417,Angel,Kernes,akernesbk@usda.gov
418,Corbet,Revance,crevancebl@mapy.cz
419,Aileen,Bailie,abailiebm@yellowbook.com
420,Clayborn,Morando,cmorandobn@tumblr.com
421,Ansley,Quiney,aquineybo@nba.com
422,Jecho,Dowse,jdowsebp@bbb.org
423,Hanni,Douglass,hdouglassbq@google.es
424,Griffy,Duer,gduerbr@samsung.com
425,Blinny,Stickells,bstickellsbs@bbc.co.uk
426,Lenard,Cheers,lcheersbt@weebly.com
427,Kennedy,Pardi,kpardibu@ning.com
428,Julienne,Fonzo,jfonzobv@spiegel.de
429,Beverley,Sherme,bshermebw@wordpress.org
430,Drucill,Bischoff,dbischoffbx@delicious.com
431,Cybil,Plaister,cplaisterby@harvard.edu
432,Cherice,Gollin,cgollinbz@jalbum.net
433,Florence,Morgan,fmorganc0@shinystat.com
434,Lonna,Phlipon,lphliponc1@hexun.com
435,Eddy,Ierland,eierlandc2@canalblog.com
436,Cassondra,Cockroft,ccockroftc3@ox.ac.uk
437,Nonie,O'Cullinane,nocullinanec4@qq.com
438,Hersh,Shmyr,hshmyrc5@icq.com
439,Harbert,Tidder,htidderc6@gizmodo.com
440,Brunhilde,Goude,bgoudec7@privacy.gov.au
441,Bondy,Duligall,bduligallc8@mayoclinic.com
442,Laurie,Nightingale,lnightingalec9@istockphoto.com
443,Amelita,Bamborough,abamboroughca@netlog.com
444,Carly,Mustard,cmustardcb@about.com
445,Aluin,Sail,asailcc@goo.gl
446,Giraud,Lucio,gluciocd@ezinearticles.com
447,Vi,Forcer,vforcerce@google.cn
448,Tamarra,Willgoss,twillgosscf@ameblo.jp
449,Cazzie,Phillpotts,cphillpottscg@domainmarket.com
450,Aldridge,Linch,alinchch@aboutads.info
451,Inez,Geator,igeatorci@reddit.com
452,Lonna,Godar,lgodarcj@cornell.edu
453,Nichols,Twydell,ntwydellck@nasa.gov
454,Hillard,Khadir,hkhadircl@issuu.com
455,Eada,O'Fairy,eofairycm@ibm.com
456,Charleen,Vasiliu,cvasiliucn@360.cn
457,Miles,Tabbitt,mtabbittco@canalblog.com
458,Dorita,Deave,ddeavecp@indiegogo.com
459,Morganne,MacGowan,mmacgowancq@shutterfly.com
460,Wynn,Prayer,wprayercr@cmu.edu
461,Stacee,Fone,sfonecs@360.cn
462,Wayland,Snawdon,wsnawdonct@nps.gov
463,Wilburt,Tapenden,wtapendencu@cam.ac.uk
464,Stanwood,Blamire,sblamirecv@symantec.com
465,Teodor,Bendel,tbendelcw@goo.gl
466,Carlie,Yeardsley,cyeardsleycx@bravesites.com
467,Nata,Boyles,nboylescy@list-manage.com
468,Lilllie,Siemens,lsiemenscz@boston.com
469,Sholom,Wasteney,swasteneyd0@weebly.com
470,Kerk,Edgeler,kedgelerd1@mapquest.com
471,Packston,Dyball,pdyballd2@mayoclinic.com
472,Estevan,Zannuto,ezannutod3@va.gov
473,Susan,Antczak,santczakd4@hud.gov
474,Cynthy,Andretti,candrettid5@geocities.jp
475,Alberta,Britten,abrittend6@about.me
476,Britta,Charters,bchartersd7@kickstarter.com
477,Willdon,Tocher,wtocherd8@jiathis.com
478,Lisette,Ganning,lganningd9@amazon.de
479,Goober,Negro,gnegroda@cmu.edu
480,Wilmar,Naile,wnailedb@ucoz.com
481,Cherey,Cuberley,ccuberleydc@netscape.com
482,Tessa,Hasty,thastydd@oakley.com
483,Batsheva,Stack,bstackde@arizona.edu
484,Chere,Eastbury,ceastburydf@uol.com.br
485,Meryl,Staff,mstaffdg@howstuffworks.com
486,Cicily,Castaneda,ccastanedadh@umn.edu
487,Celine,Saltmarsh,csaltmarshdi@arizona.edu
488,Ky,Crafts,kcraftsdj@economist.com
489,Janna,Phillimore,jphillimoredk@elpais.com
490,Trumaine,Seals,tsealsdl@usa.gov
491,Marcellus,Shelf,mshelfdm@sun.com
492,Alia,Bussen,abussendn@networkadvertising.org
493,Blane,Walkey,bwalkeydo@free.fr
494,Templeton,Wardlaw,twardlawdp@usgs.gov
495,Kleon,Tabour,ktabourdq@angelfire.com
496,Delano,Possa,dpossadr@earthlink.net
497,Donnie,McIlwrick,dmcilwrickds@economist.com
498,Everard,Chalcraft,echalcraftdt@businessweek.com
499,Valle,Maher,vmaherdu@mozilla.com
500,Magda,Cesconi,mcesconidv@newyorker.com
501,Agnella,Menier,amenierdw@seesaa.net
502,Kalli,Jore,kjoredx@bbb.org
503,Monty,Shadfourth,mshadfourthdy@wiley.com
504,Berti,Reidshaw,breidshawdz@home.pl
505,Claire,Mealiffe,cmealiffee0@lulu.com
506,Karmen,Dekeyser,kdekeysere1@wufoo.com
507,Markus,Hightown,mhightowne2@mtv.com
508,Austine,Cowcha,acowchae3@ezinearticles.com
509,Marleah,Fawdry,mfawdrye4@army.mil
510,Meriel,Stryde,mstrydee5@hhs.gov
511,Tilly,Bygrove,tbygrovee6@mit.edu
512,Claretta,Risbridger,crisbridgere7@digg.com
513,Norry,Giuron,ngiurone8@marriott.com
514,Jilli,Etheredge,jetheredgee9@mac.com
515,Milly,Brose,mbroseea@sitemeter.com
516,Jeremias,Aveson,javesoneb@chronoengine.com
517,Torey,Portail,tportailec@i2i.jp
518,Jeanne,Candwell,jcandwelled@nbcnews.com
519,Mireille,Rijkeseis,mrijkeseisee@google.cn
520,Alexine,Chrippes,achrippesef@spotify.com
521,Jedediah,Beall,jbealleg@yale.edu
522,Ugo,Oury,uouryeh@ucoz.com
523,Ferdy,Godlip,fgodlipei@multiply.com
524,Evaleen,Clinkard,eclinkardej@nih.gov
525,Shirline,Draper,sdraperek@lycos.com
526,Valentin,Abisetti,vabisettiel@nasa.gov
527,Haily,Waterfall,hwaterfallem@indiegogo.com
528,Rickert,Reck,rrecken@usda.gov
529,Clerkclaude,Van Rembrandt,cvanrembrandteo@epa.gov
530,Aeriell,Choppen,achoppenep@tumblr.com
531,Thomasin,Boustead,tbousteadeq@accuweather.com
532,Inglis,Mounch,imouncher@acquirethisname.com
533,Tremaine,Gerhartz,tgerhartzes@ovh.net
534,Farly,Mil,fmilet@google.it
535,Thurstan,Rains,trainseu@npr.org
536,Letta,Graddon,lgraddonev@flavors.me
537,Danella,Heball,dheballew@soundcloud.com
538,Martita,Svanini,msvaniniex@netlog.com
539,Tonye,Salzburg,tsalzburgey@gmpg.org
540,Caprice,Cartmel,ccartmelez@hao123.com
541,Baxie,Maddie,bmaddief0@creativecommons.org
542,Lynnea,McPhee,lmcpheef1@google.de
543,Brandon,Capenor,bcapenorf2@vinaora.com
544,Bernice,Pendered,bpenderedf3@cmu.edu
545,Melony,Larchier,mlarchierf4@google.cn
546,Luz,Longstaff,llongstafff5@barnesandnoble.com
547,Hill,Tilbury,htilburyf6@exblog.jp
548,Jeannine,Collingworth,jcollingworthf7@ifeng.com
549,Cathie,Prester,cpresterf8@example.com
550,Annette,Hazel,ahazelf9@skype.com
551,Lanna,Laurance,llaurancefa@slate.com
552,Thurstan,Ioselev,tioselevfb@myspace.com
553,Saundra,Artus,sartusfc@quantcast.com
554,Nerty,Gatfield,ngatfieldfd@census.gov
555,Renate,MacAlinden,rmacalindenfe@stumbleupon.com
556,Sande,Roisen,sroisenff@github.io
557,Maurene,Bertomeu,mbertomeufg@blogspot.com
558,Jillene,Kramer,jkramerfh@fema.gov
559,Bertrand,Fishbourne,bfishbournefi@sogou.com
560,Chrissy,Milton,cmiltonfj@springer.com
561,Shandie,De Laspee,sdelaspeefk@chicagotribune.com
562,Bartholemy,Gerasch,bgeraschfl@unicef.org
563,Nadine,Thompson,nthompsonfm@free.fr
564,Daryn,Wedge,dwedgefn@sun.com
565,Rosamond,Iacavone,riacavonefo@va.gov
566,Karla,Volett,kvolettfp@naver.com
567,Charmian,Fumagall,cfumagallfq@macromedia.com
568,Renelle,McGeechan,rmcgeechanfr@java.com
569,Dynah,Di Maggio,ddimaggiofs@zimbio.com
570,Edvard,Macellar,emacellarft@51.la
571,Tory,Kerner,tkernerfu@ovh.net
572,Ida,Delacourt,idelacourtfv@netscape.com
573,Fanechka,Paddle,fpaddlefw@twitter.com
574,Drake,Hallgalley,dhallgalleyfx@over-blog.com
575,Alecia,Bristow,abristowfy@boston.com
576,Pen,Meekin,pmeekinfz@disqus.com
577,Cosette,Looby,cloobyg0@pinterest.com
578,Warde,Gravenor,wgravenorg1@networkadvertising.org
579,Mischa,Brislen,mbrisleng2@jigsy.com
580,Amargo,Yitzowitz,ayitzowitzg3@edublogs.org
581,Murdock,Bebbington,mbebbingtong4@meetup.com
582,Raul,Curcher,rcurcherg5@springer.com
583,Cristy,Loudyan,cloudyang6@eepurl.com
584,Alastair,Leas,aleasg7@51.la
585,Elaina,Cully,ecullyg8@dailymotion.com
586,Vincent,Dunnet,vdunnetg9@opera.com
587,Charity,Shackleford,cshacklefordga@yellowbook.com
588,Marj,Mundwell,mmundwellgb@google.cn
589,Noelani,Roglieri,nroglierigc@ycombinator.com
590,Eva,Inmett,einmettgd@cafepress.com
591,Osborne,Jirsa,ojirsage@is.gd
592,Maggy,Assur,massurgf@elpais.com
593,Leonore,Fairbrace,lfairbracegg@smh.com.au
594,Wait,Pilbeam,wpilbeamgh@deliciousdays.com
595,Orelia,Slocomb,oslocombgi@wunderground.com
596,Tucker,Quarrington,tquarringtongj@slashdot.org
597,Al,Duiged,aduigedgk@opensource.org
598,Jenifer,Rothschild,jrothschildgl@de.vu
599,Ray,Blaschek,rblaschekgm@liveinternet.ru
600,Jarrad,Poundsford,jpoundsfordgn@state.tx.us
601,Corene,Crittal,ccrittalgo@storify.com
602,Appolonia,Sharrard,asharrardgp@simplemachines.org
603,Ara,Howlett,ahowlettgq@4shared.com
604,Davida,Codman,dcodmangr@archive.org
605,Ashien,Syvret,asyvretgs@hexun.com
606,Blake,Raysdale,braysdalegt@xinhuanet.com
607,Janie,McEntagart,jmcentagartgu@nsw.gov.au
608,Hugibert,Macbeth,hmacbethgv@stumbleupon.com
609,Redd,Carvilla,rcarvillagw@ed.gov
610,Selina,Belly,sbellygx@arstechnica.com
611,Josh,Bouchard,jbouchardgy@ca.gov
612,Christiano,Precious,cpreciousgz@cyberchimps.com
613,Shepherd,Matushevich,smatushevichh0@abc.net.au
614,Venita,Steinson,vsteinsonh1@slideshare.net
615,Waite,Korba,wkorbah2@dagondesign.com
616,Gordy,Sodor,gsodorh3@latimes.com
617,Vale,Cohalan,vcohalanh4@merriam-webster.com
618,Buck,Smolan,bsmolanh5@surveymonkey.com
619,Marcelle,Corzon,mcorzonh6@cbc.ca
620,Gilberta,Karppi,gkarppih7@comsenz.com
621,Brig,Town,btownh8@youtu.be
622,Salim,Snarie,ssnarieh9@hp.com
623,Maximilian,Rentalll,mrentalllha@reddit.com
624,Della,Szwandt,dszwandthb@php.net
625,Rodrique,Bollins,rbollinshc@drupal.org
626,Levin,Sute,lsutehd@delicious.com
627,Avrit,Purdy,apurdyhe@twitter.com
628,Onida,Lacy,olacyhf@mysql.com
629,Sky,Janway,sjanwayhg@tripadvisor.com
630,Gretel,Slimm,gslimmhh@noaa.gov
631,Israel,Kuhl,ikuhlhi@1688.com
632,Octavia,O'Dwyer,oodwyerhj@aol.com
633,Raddy,McErlaine,rmcerlainehk@tiny.cc
634,Brenn,Pietrusiak,bpietrusiakhl@delicious.com
635,Nikita,Pattisson,npattissonhm@skype.com
636,Trista,Ratnage,tratnagehn@1und1.de
637,Therese,Crowther,tcrowtherho@sciencedirect.com
638,Ashli,Clemencet,aclemencethp@wikispaces.com
639,Kameko,Kinleyside,kkinleysidehq@ftc.gov
640,Hulda,Hush,hhushhr@google.ru
641,Darice,Whiteland,dwhitelandhs@twitpic.com
642,Hy,Wannan,hwannanht@eventbrite.com
643,Pinchas,Stiegars,pstiegarshu@wikia.com
644,Hagen,Hadwen,hhadwenhv@mlb.com
645,Benji,Mongin,bmonginhw@uiuc.edu
646,Lianna,Stockney,lstockneyhx@whitehouse.gov
647,Gail,Pickrill,gpickrillhy@deviantart.com
648,Gustaf,Landor,glandorhz@yale.edu
649,Donny,Barthropp,dbarthroppi0@sogou.com
650,Reuben,Petford,rpetfordi1@businessweek.com
651,Humberto,Kaplin,hkaplini2@sakura.ne.jp
652,Allys,Trout,atrouti3@nih.gov
653,Patrizio,Batistelli,pbatistellii4@prnewswire.com
654,Sayres,Rooson,sroosoni5@comsenz.com
655,Dru,Mithan,dmithani6@yahoo.co.jp
656,Kathlin,Fuentes,kfuentesi7@telegraph.co.uk
657,Jenny,Troughton,jtroughtoni8@google.co.jp
658,Giorgio,Thiem,gthiemi9@abc.net.au
659,Shannen,Radsdale,sradsdaleia@uiuc.edu
660,Dareen,Blaxlande,dblaxlandeib@fastcompany.com
661,Aleksandr,Anthony,aanthonyic@disqus.com
662,Duffy,Happs,dhappsid@cnn.com
663,Trueman,Godspede,tgodspedeie@list-manage.com
664,Karissa,Vairow,kvairowif@e-recht24.de
665,Caroline,Hylden,chyldenig@godaddy.com
666,Roobbie,Pighills,rpighillsih@xing.com
667,Jeanne,Duckerin,jduckerinii@google.co.uk
668,Gaelan,Stranahan,gstranahanij@google.de
669,Annabela,Milton,amiltonik@kickstarter.com
670,Felisha,Couttes,fcouttesil@opensource.org
671,Franzen,Salmon,fsalmonim@mashable.com
672,Jon,De Roos,jderoosin@skype.com
673,Alyce,Beastall,abeastallio@google.de
674,Cordey,Roussel,crousselip@live.com
675,Myer,Blaxeland,mblaxelandiq@nbcnews.com
676,Britt,Melloi,bmelloiir@e-recht24.de
677,Lilith,Jamson,ljamsonis@netlog.com
678,Fernando,Rothery,frotheryit@businesswire.com
679,Mira,Swaton,mswatoniu@google.com.hk
680,Ermanno,Cluse,ecluseiv@posterous.com
681,Westbrook,Burcombe,wburcombeiw@google.com
682,Flint,Duell,fduellix@discovery.com
683,Ber,Sallinger,bsallingeriy@liveinternet.ru
684,Kara,Guirard,kguirardiz@toplist.cz
685,Quinn,Measures,qmeasuresj0@sciencedaily.com
686,Dario,Placidi,dplacidij1@wordpress.com
687,Torie,Ellingsworth,tellingsworthj2@nhs.uk
688,Yves,Porcher,yporcherj3@themeforest.net
689,Prudy,Varnes,pvarnesj4@4shared.com
690,Danya,Colbrun,dcolbrunj5@rakuten.co.jp
691,Wilhelmina,Cliffe,wcliffej6@geocities.com
692,Koren,McClaurie,kmcclauriej7@fc2.com
693,Charity,Pearlman,cpearlmanj8@theglobeandmail.com
694,Dorie,Timberlake,dtimberlakej9@nih.gov
695,Carlyn,Laverick,claverickja@reuters.com
696,Selig,Kubica,skubicajb@google.ru
697,Lisetta,Zamudio,lzamudiojc@wunderground.com
698,Maury,Baynom,mbaynomjd@nymag.com
699,Charissa,Grealy,cgrealyje@smh.com.au
700,Elizabeth,Buffey,ebuffeyjf@slashdot.org
701,Tyrus,Taylorson,ttaylorsonjg@linkedin.com
702,Alexei,Layburn,alayburnjh@state.gov
703,Chrisse,Cramb,ccrambji@hp.com
704,Maegan,Solon,msolonjj@lulu.com
705,Maribeth,Salt,msaltjk@earthlink.net
706,Niels,Molineux,nmolineuxjl@liveinternet.ru
707,Heddie,Sleigh,hsleighjm@dyndns.org
708,Megen,Gunthorp,mgunthorpjn@washington.edu
709,Delcine,Menham,dmenhamjo@tamu.edu
710,Tod,Birney,tbirneyjp@purevolume.com
711,Howie,Avramovitz,havramovitzjq@salon.com
712,Alasteir,Warboys,awarboysjr@angelfire.com
713,Ree,Abele,rabelejs@biblegateway.com
714,Joeann,Bortol,jbortoljt@admin.ch
715,Waylan,Dyble,wdybleju@cloudflare.com
716,Adrien,Spuffard,aspuffardjv@mtv.com
717,Waneta,Santorini,wsantorinijw@hc360.com
718,Zacherie,Hempel,zhempeljx@tinyurl.com
719,Bendicty,Chessman,bchessmanjy@bloomberg.com
720,Benjie,Curgenven,bcurgenvenjz@ocn.ne.jp
721,Delphinia,Corteney,dcorteneyk0@nationalgeographic.com
722,Shanna,Harry,sharryk1@ebay.co.uk
723,Christophe,Joynt,cjoyntk2@huffingtonpost.com
724,Layla,Hubner,lhubnerk3@independent.co.uk
725,Bambie,Accum,baccumk4@harvard.edu
726,Sondra,Deboick,sdeboickk5@blogger.com
727,Pedro,Goulter,pgoulterk6@pcworld.com
728,Jillana,Le Houx,jlehouxk7@tamu.edu
729,Della,Shapiro,dshapirok8@marketwatch.com
730,Chic,Peascod,cpeascodk9@biblegateway.com
731,Randolf,Filer,rfilerka@technorati.com
732,Hinda,McOmish,hmcomishkb@digg.com
733,Nevins,Schelle,nschellekc@columbia.edu
734,Engracia,Shingler,eshinglerkd@cdc.gov
735,Mathian,Iley,mileyke@tuttocitta.it
736,Sharline,Rabidge,srabidgekf@unicef.org
737,Galven,Aggs,gaggskg@netscape.com
738,Vladimir,Hartell,vhartellkh@ovh.net
739,Sharity,Hoffman,shoffmanki@dailymail.co.uk
740,Karlene,Gallihawk,kgallihawkkj@nba.com
741,Walker,Vasyukhichev,wvasyukhichevkk@cornell.edu
742,Gaelan,Gaskin,ggaskinkl@symantec.com
743,Hinze,O'Siaghail,hosiaghailkm@patch.com
744,Elna,Hesey,eheseykn@paypal.com
745,Kalinda,Neljes,kneljesko@instagram.com
746,Margaretha,Leile,mleilekp@ibm.com
747,Eal,Kilgrew,ekilgrewkq@baidu.com
748,Talbot,Zohrer,tzohrerkr@sogou.com
749,Adella,Woodus,awoodusks@istockphoto.com
750,Kristien,Whyke,kwhykekt@independent.co.uk
751,Michell,Palister,mpalisterku@sakura.ne.jp
752,Hill,Dufer,hduferkv@topsy.com
753,Ramsey,Abrahams,rabrahamskw@paginegialle.it
754,Karlens,Stout,kstoutkx@de.vu
755,Tore,Harroway,tharrowayky@jalbum.net
756,Zarla,Stracey,zstraceykz@soundcloud.com
757,Raff,Chattaway,rchattawayl0@seesaa.net
758,Drusy,Fearns,dfearnsl1@sohu.com
759,Leslie,Bracknell,lbracknelll2@archive.org
760,Cymbre,Bottomer,cbottomerl3@wordpress.com
761,Violetta,Brakespear,vbrakespearl4@usnews.com
762,Dal,Spiller,dspillerl5@theatlantic.com
763,Archibald,Ruckledge,aruckledgel6@apple.com
764,Thomasine,Farrall,tfarralll7@domainmarket.com
765,Corena,Cod,ccodl8@gravatar.com
766,Oona,Lindstrom,olindstroml9@seattletimes.com
767,Budd,Tother,btotherla@rambler.ru
768,Esma,Rings,eringslb@washington.edu
769,Robinett,Pellamont,rpellamontlc@springer.com
770,Zora,Davenall,zdavenallld@utexas.edu
771,Helaine,Thoresbie,hthoresbiele@discovery.com
772,Ruthi,Balme,rbalmelf@over-blog.com
773,Karine,Peacham,kpeachamlg@google.de
774,Dulcine,Tomkin,dtomkinlh@diigo.com
775,Lida,Mouat,lmouatli@cyberchimps.com
776,Inna,Smieton,ismietonlj@huffingtonpost.com
777,Wash,Thompson,wthompsonlk@bing.com
778,Harald,Tester,htesterll@domainmarket.com
779,Suzette,Armit,sarmitlm@google.ca
780,Lindsay,Vaszoly,lvaszolyln@nhs.uk
781,Gaby,MacTeggart,gmacteggartlo@nih.gov
782,Hakim,Pundy,hpundylp@google.com
783,Loydie,Hannant,lhannantlq@storify.com
784,Martie,Rathmell,mrathmelllr@ifeng.com
785,Bailey,Wanell,bwanellls@infoseek.co.jp
786,Homere,Haggar,hhaggarlt@intel.com
787,Axel,Asquez,aasquezlu@vk.com
788,Euphemia,Tilston,etilstonlv@telegraph.co.uk
789,Garek,Downe,gdownelw@plala.or.jp
790,Even,Abella,eabellalx@vk.com
791,Torie,Lyver,tlyverly@samsung.com
792,Melitta,Reinbach,mreinbachlz@hexun.com
793,Agosto,Pagnin,apagninm0@cdc.gov
794,Henrieta,Maha,hmaham1@tuttocitta.it
795,Sylvester,Frowing,sfrowingm2@bigcartel.com
796,Aland,Matyas,amatyasm3@japanpost.jp
797,Harvey,O'Neil,honeilm4@geocities.jp
798,Zechariah,Swinfon,zswinfonm5@un.org
799,Thorpe,Gebbie,tgebbiem6@theglobeandmail.com
800,Julio,Spreadbury,jspreadburym7@cocolog-nifty.com
801,Gerrie,Gleader,ggleaderm8@feedburner.com
802,Sergeant,Dendon,sdendonm9@list-manage.com
803,Janot,Bugge,jbuggema@jalbum.net
804,Elinor,Arthy,earthymb@cocolog-nifty.com
805,Jolie,Spellessy,jspellessymc@mapy.cz
806,Cos,Bettridge,cbettridgemd@irs.gov
807,Loydie,Beyne,lbeyneme@sitemeter.com
808,Adams,Dummett,adummettmf@hao123.com
809,Heddi,Butts,hbuttsmg@bandcamp.com
810,Dennis,Gullick,dgullickmh@kickstarter.com
811,Sauveur,Stratton,sstrattonmi@jiathis.com
812,Analise,Swafford,aswaffordmj@cbc.ca
813,Curry,Beneix,cbeneixmk@tripod.com
814,Derrek,Scading,dscadingml@yahoo.co.jp
815,Dinnie,Dorkin,ddorkinmm@yellowpages.com
816,Billye,Kerby,bkerbymn@studiopress.com
817,Florentia,MacCumiskey,fmaccumiskeymo@facebook.com
818,Aimil,Whitlaw,awhitlawmp@pbs.org
819,Berni,Bryan,bbryanmq@pbs.org
820,Caryl,Gutridge,cgutridgemr@furl.net
821,Cozmo,Vinall,cvinallms@time.com
822,Ira,McGillivray,imcgillivraymt@cnn.com
823,Fonz,Marchiso,fmarchisomu@typepad.com
824,Annabelle,Yeardsley,ayeardsleymv@feedburner.com
825,Jenda,Towers,jtowersmw@state.gov
826,Nerita,MacKissack,nmackissackmx@123-reg.co.uk
827,Iris,Druitt,idruittmy@addtoany.com
828,Catha,Jendrich,cjendrichmz@aboutads.info
829,Pincus,Wattisham,pwattishamn0@redcross.org
830,Dari,Westraw,dwestrawn1@baidu.com
831,Ludovika,Barock,lbarockn2@flavors.me
832,Lorianna,Casson,lcassonn3@mtv.com
833,Alane,Cassam,acassamn4@elpais.com
834,Dane,Tompkinson,dtompkinsonn5@gov.uk
835,Vick,Dix,vdixn6@jugem.jp
836,Georgie,Wherton,gwhertonn7@fda.gov
837,Rosemarie,Wint,rwintn8@mashable.com
838,Killian,Milnes,kmilnesn9@paypal.com
839,Karissa,Wapplington,kwapplingtonna@unc.edu
840,Milena,Yakubowicz,myakubowicznb@weebly.com
841,Faina,Fettis,ffettisnc@npr.org
842,Marion,Sallenger,msallengernd@1und1.de
843,Conroy,Renfrew,crenfrewne@jimdo.com
844,Zoe,Van Castele,zvancastelenf@nba.com
845,Donielle,Scarrisbrick,dscarrisbrickng@nifty.com
846,Brett,Tuplin,btuplinnh@symantec.com
847,Winne,Bold,wboldni@blog.com
848,Jo,Branscomb,jbranscombnj@instagram.com
849,Natty,Thurner,nthurnernk@tiny.cc
850,Josepha,Boutcher,jboutchernl@e-recht24.de
851,Nissy,Hirsthouse,nhirsthousenm@biglobe.ne.jp
852,Kennedy,Hambleton,khambletonnn@archive.org
853,Silvie,Bosch,sboschno@cpanel.net
854,Abey,Ferandez,aferandeznp@ibm.com
855,Atlante,Lait,alaitnq@symantec.com
856,Roderick,Clayden,rclaydennr@livejournal.com
857,Alva,Le Marquand,alemarquandns@economist.com
858,Mortie,Phillipps,mphillippsnt@rakuten.co.jp
859,Hillary,Tumayan,htumayannu@prlog.org
860,Taylor,Stillgoe,tstillgoenv@bbc.co.uk
861,Orella,Tague,otaguenw@godaddy.com
862,Ethelyn,Dorran,edorrannx@sun.com
863,Imelda,Deveral,ideveralny@baidu.com
864,Tamera,Rosencrantz,trosencrantznz@bbc.co.uk
865,Godfry,Laugier,glaugiero0@tinyurl.com
866,Rebe,Swaddle,rswaddleo1@feedburner.com
867,Marlo,Garnsworthy,mgarnsworthyo2@homestead.com
868,Tally,Ubee,tubeeo3@intel.com
869,Byrom,Jenoure,bjenoureo4@discuz.net
870,Zak,Sharrocks,zsharrockso5@de.vu
871,Flo,Reaney,freaneyo6@g.co
872,Winthrop,Livoir,wlivoiro7@timesonline.co.uk
873,Sapphire,Henstridge,shenstridgeo8@telegraph.co.uk
874,Averell,Caldicott,acaldicotto9@npr.org
875,Lothaire,Rosander,lrosanderoa@wikia.com
876,Stevy,Ren,srenob@vk.com
877,Tamara,Bannon,tbannonoc@opera.com
878,Isidoro,Abbott,iabbottod@amazonaws.com
879,Gradeigh,Siney,gsineyoe@wikispaces.com
880,Jesus,Copnell,jcopnellof@wikia.com
881,Carlina,Houldey,chouldeyog@timesonline.co.uk
882,Norris,Habbert,nhabbertoh@posterous.com
883,Eberto,Nutting,enuttingoi@over-blog.com
884,Ted,Swyer,tswyeroj@scribd.com
885,Maitilde,Muro,mmurook@a8.net
886,Agneta,Andersen,aandersenol@shinystat.com
887,Breena,Gatling,bgatlingom@behance.net
888,Trina,Abrahmson,tabrahmsonon@discovery.com
889,Sheffy,Corby,scorbyoo@soundcloud.com
890,Ibby,Semeradova,isemeradovaop@admin.ch
891,Ardelle,Livingstone,alivingstoneoq@boston.com
892,Baryram,Lebreton,blebretonor@cbslocal.com
893,Genny,Inseal,ginsealos@ucoz.com
894,Hilly,Roman,hromanot@cnbc.com
895,Piper,Ogus,pogusou@reference.com
896,Emmi,Matthewes,ematthewesov@bigcartel.com
897,Catriona,Inggall,cinggallow@marketwatch.com
898,Dinny,Rizzardo,drizzardoox@about.com
899,Randi,Lashmore,rlashmoreoy@slate.com
900,Teddie,Kennerley,tkennerleyoz@symantec.com
901,Kassia,Ottam,kottamp0@loc.gov
902,Georgina,Willment,gwillmentp1@telegraph.co.uk
903,Taddeo,Lemonby,tlemonbyp2@vinaora.com
904,Augusto,Ranahan,aranahanp3@europa.eu
905,Margie,Dubbin,mdubbinp4@github.com
906,Levon,Tunnacliffe,ltunnacliffep5@usda.gov
907,Molli,Jacklin,mjacklinp6@upenn.edu
908,Brunhilde,Romanet,bromanetp7@nationalgeographic.com
909,Andy,Haglinton,ahaglintonp8@youtube.com
910,Ilyssa,Zellner,izellnerp9@oaic.gov.au
911,Emmye,Emmanuel,eemmanuelpa@friendfeed.com
912,Elicia,Ivantyev,eivantyevpb@indiegogo.com
913,Sophronia,Screach,sscreachpc@ted.com
914,Ruggiero,Alabone,ralabonepd@elpais.com
915,Brew,Ciciotti,bciciottipe@princeton.edu
916,Murial,Bardey,mbardeypf@rambler.ru
917,Mitchel,Bleasdille,mbleasdillepg@wsj.com
918,Terry,Snellman,tsnellmanph@seesaa.net
919,Mandie,Burgyn,mburgynpi@about.com
920,Shaw,Heppner,sheppnerpj@lycos.com
921,Cletus,O'Griffin,cogriffinpk@yellowbook.com
922,Peterus,Vedeneev,pvedeneevpl@youtu.be
923,Lita,Tonnesen,ltonnesenpm@vk.com
924,Amargo,Shreeves,ashreevespn@hostgator.com
925,Helen,Miettinen,hmiettinenpo@g.co
926,Rona,Lillegard,rlillegardpp@slideshare.net
927,Krispin,Macveigh,kmacveighpq@webnode.com
928,Jannel,Pele,jpelepr@theatlantic.com
929,Lennard,Digance,ldiganceps@w3.org
930,Tremain,Bonafacino,tbonafacinopt@fotki.com
931,Somerset,Merington,smeringtonpu@lulu.com
932,Kerk,O'Currigan,kocurriganpv@weebly.com
933,Adina,Eady,aeadypw@time.com
934,Idalia,Gellately,igellatelypx@foxnews.com
935,Jamison,Harraway,jharrawaypy@dailymotion.com
936,Sarge,Kynton,skyntonpz@dot.gov
937,Angela,Clutheram,aclutheramq0@tamu.edu
938,Lutero,Parmer,lparmerq1@kickstarter.com
939,Hy,Casina,hcasinaq2@hc360.com
940,Cristal,Windrus,cwindrusq3@senate.gov
941,Cookie,Brellin,cbrellinq4@live.com
942,Darsey,Peddowe,dpeddoweq5@ftc.gov
943,Murry,Paolini,mpaoliniq6@bluehost.com
944,Christoper,Meadmore,cmeadmoreq7@weebly.com
945,Boothe,Jandera,bjanderaq8@networksolutions.com
946,Orion,Presser,opresserq9@bloomberg.com
947,Carine,Selley,cselleyqa@theglobeandmail.com
948,Suzanne,Pineaux,spineauxqb@phoca.cz
949,Wald,Spenceley,wspenceleyqc@nsw.gov.au
950,Revkah,Abrahams,rabrahamsqd@jugem.jp
951,Sher,Voden,svodenqe@bravesites.com
952,Sayer,Mooney,smooneyqf@domainmarket.com
953,Alistair,Kreber,akreberqg@prnewswire.com
954,Dav,Hatchman,dhatchmanqh@google.com
955,Sammy,Dungay,sdungayqi@spiegel.de
956,Efrem,Depka,edepkaqj@wsj.com
957,Moises,Geroldo,mgeroldoqk@ustream.tv
958,Olympe,Cathcart,ocathcartql@independent.co.uk
959,Patrice,Dresche,pdrescheqm@constantcontact.com
960,Darlleen,Manjot,dmanjotqn@google.com.br
961,Gerick,Rossey,grosseyqo@mashable.com
962,Marguerite,Conneely,mconneelyqp@blinklist.com
963,Tye,Hurrion,thurrionqq@de.vu
964,Bronnie,Drummer,bdrummerqr@timesonline.co.uk
965,Etheline,Cases,ecasesqs@usa.gov
966,Cletus,Dunsford,cdunsfordqt@nbcnews.com
967,Candace,Ladd,claddqu@who.int
968,Donella,Denisovich,ddenisovichqv@narod.ru
969,Shellie,Lavallin,slavallinqw@hostgator.com
970,Adelaide,Ibotson,aibotsonqx@ft.com
971,Kaila,Januszewicz,kjanuszewiczqy@dedecms.com
972,Leesa,Feldstern,lfeldsternqz@adobe.com
973,Elmo,Bilbey,ebilbeyr0@nps.gov
974,Augustina,Emson,aemsonr1@blogspot.com
975,Nikki,Reynault,nreynaultr2@cmu.edu
976,Anna-diana,Extil,aextilr3@jimdo.com
977,Buck,Bownass,bbownassr4@rediff.com
978,Kerby,Caudray,kcaudrayr5@sun.com
979,Garrett,Riddle,griddler6@geocities.com
980,Caroljean,Pestricke,cpestricker7@i2i.jp
981,Artur,Domelaw,adomelawr8@cam.ac.uk
982,Minne,Goatcher,mgoatcherr9@eepurl.com
983,Iseabal,Tabart,itabartra@usatoday.com
984,Friedrich,Cordy,fcordyrb@artisteer.com
985,Cayla,Reid,creidrc@skyrock.com
986,Sydney,Schimon,sschimonrd@foxnews.com
987,Andree,Billanie,abillaniere@wikia.com